date,t2m_max,t2m_min,t2m_mean,precip_mm
2019-01-01,17.9,5.0,10.5,0.0
2019-01-02,14.4,9.5,11.5,30.0
2019-01-03,12.8,7.6,10.7,24.3
2019-01-04,14.7,2.1,7.1,0.0
2019-01-05,20.0,4.4,10.8,0.0
2019-01-06,21.5,8.5,13.8,0.0
2019-01-07,22.7,15.5,18.2,0.3
2019-01-08,24.0,16.3,19.3,0.0
2019-01-09,20.7,12.9,16.1,0.0
2019-01-10,14.9,5.9,10.3,1.4
2019-01-11,18.6,8.6,12.5,0.0
2019-01-12,17.7,14.1,16.0,10.3
2019-01-13,13.5,5.3,9.2,0.0
2019-01-14,10.6,4.0,7.3,0.0
2019-01-15,10.8,6.9,9.0,0.0
2019-01-16,17.2,9.3,12.1,3.3
2019-01-17,21.3,14.1,17.0,0.7
2019-01-18,21.1,12.2,15.9,0.7
2019-01-19,20.1,8.4,14.5,22.6
2019-01-20,9.9,0.6,5.0,0.0
2019-01-21,16.1,2.6,8.2,0.0
2019-01-22,22.5,14.6,18.1,0.1
2019-01-23,20.0,3.4,9.7,24.9
2019-01-24,14.1,-0.2,6.1,0.0
2019-01-25,15.8,2.3,8.2,0.0
2019-01-26,16.9,7.8,11.4,0.1
2019-01-27,17.3,7.9,12.5,0.9
2019-01-28,20.1,8.9,13.2,0.1
2019-01-29,16.0,3.1,8.5,4.8
2019-01-30,11.0,4.5,6.8,0.0
2019-01-31,17.9,8.8,12.2,3.3
2019-02-01,19.2,13.3,14.9,16.0
2019-02-02,18.6,13.9,15.8,2.6
2019-02-03,22.6,14.6,17.4,9.6
2019-02-04,25.4,17.9,20.6,1.7
2019-02-05,25.3,18.8,21.0,1.0
2019-02-06,25.5,20.1,22.0,0.7
2019-02-07,23.6,14.3,20.4,9.7
2019-02-08,13.1,3.9,6.7,0.0
2019-02-09,8.0,3.2,5.0,2.1
2019-02-10,20.8,5.8,11.8,1.0
2019-02-11,23.7,16.4,19.2,3.8
2019-02-12,20.4,14.1,17.1,2.5
2019-02-13,16.9,3.6,10.5,0.0
2019-02-14,22.7,11.4,15.7,0.0
2019-02-15,24.7,15.3,19.0,0.0
2019-02-16,20.7,15.1,18.7,1.4
2019-02-17,20.3,16.0,17.9,3.5
2019-02-18,17.1,7.4,11.5,0.0
2019-02-19,15.0,6.9,10.4,11.7
2019-02-20,17.5,7.0,10.0,2.8
2019-02-21,15.7,10.3,13.0,3.2
2019-02-22,24.7,9.9,15.1,5.3
2019-02-23,23.0,19.3,20.8,5.6
2019-02-24,18.6,8.7,13.9,0.0
2019-02-25,16.7,9.1,12.3,2.9
2019-02-26,20.5,12.2,16.2,7.7
2019-02-27,25.5,15.7,19.0,47.8
2019-02-28,21.1,10.3,16.0,12.8
2019-03-01,18.6,6.8,10.6,0.9
2019-03-02,22.7,14.4,17.4,1.1
2019-03-03,20.7,12.5,16.3,11.7
2019-03-04,9.5,1.9,4.7,1.1
2019-03-05,7.5,-1.7,2.3,0.0
2019-03-06,13.6,0.8,6.2,0.0
2019-03-07,22.5,10.6,15.2,2.9
2019-03-08,24.5,18.6,20.8,1.5
2019-03-09,24.9,19.7,22.1,4.2
2019-03-10,26.2,16.8,21.2,0.7
2019-03-11,26.8,20.4,22.5,0.9
2019-03-12,23.2,18.9,20.9,3.4
2019-03-13,23.9,19.9,21.5,9.7
2019-03-14,22.8,16.8,21.4,3.1
2019-03-15,19.1,10.5,14.2,0.3
2019-03-16,16.4,9.4,12.6,0.8
2019-03-17,16.8,10.5,13.0,0.2
2019-03-18,18.9,8.3,13.1,0.0
2019-03-19,19.9,9.1,14.1,0.0
2019-03-20,21.4,10.0,15.3,0.0
2019-03-21,21.7,10.8,16.5,0.0
2019-03-22,24.2,9.9,16.8,0.0
2019-03-23,22.2,13.5,17.7,0.0
2019-03-24,25.4,16.1,19.9,0.7
2019-03-25,26.5,18.0,21.4,1.6
2019-03-26,25.1,13.6,19.0,0.3
2019-03-27,21.7,12.5,17.3,0.0
2019-03-28,23.5,12.0,16.9,0.0
2019-03-29,24.3,16.3,19.7,5.2
2019-03-30,25.5,17.0,20.2,8.9
2019-03-31,15.5,7.9,11.3,2.4
2019-04-01,13.4,5.7,9.3,1.3
2019-04-02,19.8,4.3,11.2,0.0
2019-04-03,21.1,9.8,15.2,6.4
2019-04-04,26.1,16.8,20.4,58.5
2019-04-05,26.3,17.6,21.7,2.9
2019-04-06,25.6,19.2,21.1,25.1
2019-04-07,25.1,18.5,20.9,45.4
2019-04-08,26.2,15.9,19.8,3.7
2019-04-09,28.8,15.7,21.6,0.0
2019-04-10,28.6,17.3,22.7,0.0
2019-04-11,26.3,17.9,22.1,2.4
2019-04-12,23.8,15.1,18.9,1.8
2019-04-13,27.5,18.0,22.4,15.4
2019-04-14,22.8,8.2,14.2,0.0
2019-04-15,23.7,11.0,16.8,0.0
2019-04-16,24.8,15.8,19.9,0.0
2019-04-17,26.0,20.3,22.3,1.6
2019-04-18,24.5,15.8,21.3,18.5
2019-04-19,21.2,14.3,17.8,0.1
2019-04-20,23.7,8.8,16.2,0.0
2019-04-21,25.4,14.2,19.4,0.0
2019-04-22,25.7,17.0,21.0,0.0
2019-04-23,25.0,19.6,21.7,1.4
2019-04-24,25.9,19.1,21.8,2.5
2019-04-25,26.4,16.9,21.5,8.7
2019-04-26,27.5,15.4,21.7,0.0
2019-04-27,27.4,18.1,22.7,0.0
2019-04-28,26.6,18.1,22.2,0.0
2019-04-29,29.3,19.9,23.6,0.4
2019-04-30,29.0,23.0,25.2,1.8
2019-05-01,29.3,22.2,25.2,0.4
2019-05-02,28.7,19.9,24.2,19.5
2019-05-03,26.0,20.1,22.3,17.1
2019-05-04,27.8,19.0,23.2,10.6
2019-05-05,28.9,18.0,23.4,0.1
2019-05-06,27.3,17.9,22.8,0.0
2019-05-07,26.8,21.3,23.5,26.9
2019-05-08,28.0,21.7,24.2,45.9
2019-05-09,26.9,19.2,23.3,33.4
2019-05-10,24.4,16.3,21.3,51.8
2019-05-11,24.1,19.6,21.7,10.2
2019-05-12,25.2,17.7,21.2,3.3
2019-05-13,26.7,15.8,20.9,0.0
2019-05-14,26.9,17.7,22.2,1.3
2019-05-15,27.3,18.7,22.7,0.0
2019-05-16,27.2,18.3,23.0,2.0
2019-05-17,28.4,20.0,23.9,1.3
2019-05-18,29.2,23.4,25.5,3.7
2019-05-19,31.0,20.8,25.0,40.8
2019-05-20,30.0,24.5,26.8,0.0
2019-05-21,30.2,24.2,26.9,2.0
2019-05-22,30.9,24.7,27.2,0.8
2019-05-23,29.9,24.5,27.1,2.2
2019-05-24,30.4,23.5,26.4,1.0
2019-05-25,30.2,23.3,26.6,0.0
2019-05-26,30.9,23.1,26.5,0.1
2019-05-27,30.9,23.0,26.7,0.0
2019-05-28,31.6,24.1,27.1,0.7
2019-05-29,31.0,25.0,27.4,1.4
2019-05-30,30.4,23.6,26.5,9.9
2019-05-31,30.5,23.5,26.8,3.5
2019-06-01,32.1,22.2,26.5,0.6
2019-06-02,33.1,23.0,27.9,0.0
2019-06-03,31.7,23.1,27.7,0.2
2019-06-04,32.2,23.3,27.6,1.9
2019-06-05,25.9,23.1,24.5,36.3
2019-06-06,31.9,22.0,26.3,0.3
2019-06-07,32.5,23.5,28.1,1.0
2019-06-08,33.2,21.5,27.6,0.0
2019-06-09,33.7,23.0,28.5,0.0
2019-06-10,31.6,24.3,28.1,0.5
2019-06-11,29.5,22.7,26.2,0.1
2019-06-12,30.6,20.8,25.2,5.7
2019-06-13,31.4,21.7,26.6,0.0
2019-06-14,31.8,22.7,27.2,0.3
2019-06-15,32.6,24.7,27.9,1.6
2019-06-16,30.2,22.7,27.2,2.8
2019-06-17,30.7,20.8,24.7,24.5
2019-06-18,33.0,22.8,27.4,2.0
2019-06-19,34.8,25.2,29.5,0.0
2019-06-20,34.3,26.3,29.5,0.0
2019-06-21,33.6,26.7,29.6,0.4
2019-06-22,32.3,27.1,29.3,1.3
2019-06-23,32.2,24.5,27.8,13.7
2019-06-24,28.2,19.9,25.4,20.5
2019-06-25,30.3,23.0,26.2,2.9
2019-06-26,29.5,22.9,25.4,5.9
2019-06-27,30.1,23.4,26.6,7.1
2019-06-28,30.6,23.3,26.2,2.5
2019-06-29,29.6,22.0,25.8,1.8
2019-06-30,28.3,21.3,24.3,16.6
2019-07-01,30.9,22.1,26.4,3.8
2019-07-02,29.3,23.8,26.4,1.9
2019-07-03,29.3,22.8,25.2,14.1
2019-07-04,31.4,24.7,27.7,3.3
2019-07-05,33.0,25.6,28.7,0.0
2019-07-06,33.5,23.9,28.4,0.0
2019-07-07,32.8,23.9,28.7,0.0
2019-07-08,32.7,25.2,28.7,1.8
2019-07-09,33.8,25.2,29.1,1.0
2019-07-10,32.7,25.0,29.2,0.2
2019-07-11,34.2,25.5,29.3,0.4
2019-07-12,36.4,26.4,30.5,0.0
2019-07-13,34.2,26.7,30.3,1.0
2019-07-14,34.5,25.7,29.4,2.9
2019-07-15,31.8,25.5,27.9,6.8
2019-07-16,32.1,25.8,28.4,1.4
2019-07-17,32.1,25.5,28.6,3.9
2019-07-18,33.2,25.2,28.9,0.8
2019-07-19,33.2,25.4,29.1,0.5
2019-07-20,33.0,25.2,28.9,0.6
2019-07-21,32.0,24.9,28.6,0.8
2019-07-22,30.3,24.7,27.3,10.2
2019-07-23,31.4,24.9,27.3,6.7
2019-07-24,31.1,21.1,26.4,0.0
2019-07-25,31.0,19.3,25.2,0.0
2019-07-26,32.5,20.4,26.7,0.0
2019-07-27,33.3,23.9,28.2,2.3
2019-07-28,32.1,24.4,28.0,8.8
2019-07-29,35.3,25.0,28.8,1.9
2019-07-30,34.9,24.9,28.8,2.1
2019-07-31,33.1,23.6,27.4,7.9
2019-08-01,33.2,24.1,27.8,1.6
2019-08-02,34.0,25.3,29.1,0.8
2019-08-03,34.0,25.5,28.9,2.1
2019-08-04,34.8,25.0,28.6,3.7
2019-08-05,32.2,24.7,28.7,12.6
2019-08-06,33.5,25.5,28.4,2.1
2019-08-07,35.7,26.0,30.0,0.2
2019-08-08,36.1,27.0,30.8,0.8
2019-08-09,37.4,27.8,31.6,0.0
2019-08-10,36.6,26.2,31.0,0.0
2019-08-11,36.7,26.7,31.1,0.1
2019-08-12,37.5,27.4,31.4,1.0
2019-08-13,37.4,27.8,31.6,0.4
2019-08-14,36.3,27.3,31.4,0.3
2019-08-15,34.2,26.5,29.2,14.9
2019-08-16,35.6,26.2,29.3,5.3
2019-08-17,35.3,25.7,29.3,2.3
2019-08-18,35.6,26.9,30.2,1.3
2019-08-19,34.2,26.7,29.7,2.5
2019-08-20,34.2,25.6,28.8,3.8
2019-08-21,32.4,25.3,28.4,1.7
2019-08-22,31.1,25.2,28.7,2.1
2019-08-23,30.7,25.5,27.8,12.0
2019-08-24,32.1,24.7,27.6,4.8
2019-08-25,32.4,24.7,27.5,4.2
2019-08-26,33.6,24.0,28.2,2.4
2019-08-27,34.5,26.8,30.0,0.1
2019-08-28,32.5,25.2,28.4,0.8
2019-08-29,31.3,25.1,27.7,2.2
2019-08-30,32.0,24.1,27.7,3.1
2019-08-31,32.3,24.6,27.8,0.8
2019-09-01,34.5,24.9,28.9,0.5
2019-09-02,32.8,23.5,28.1,9.2
2019-09-03,33.5,25.3,29.3,1.2
2019-09-04,35.6,25.8,29.7,0.8
2019-09-05,35.6,24.4,30.1,0.0
2019-09-06,36.2,24.3,30.1,0.0
2019-09-07,37.5,23.8,29.9,0.0
2019-09-08,37.2,23.9,29.9,0.0
2019-09-09,35.1,25.4,29.1,0.2
2019-09-10,32.6,24.7,27.8,5.0
2019-09-11,32.8,23.6,27.3,8.3
2019-09-12,31.4,23.7,26.6,5.2
2019-09-13,33.3,23.9,27.9,1.8
2019-09-14,35.2,23.7,28.9,0.0
2019-09-15,33.8,24.4,28.7,0.3
2019-09-16,33.6,25.1,28.3,2.8
2019-09-17,25.7,23.8,25.0,41.1
2019-09-18,26.7,23.5,24.4,120.6
2019-09-19,26.5,22.7,25.0,69.0
2019-09-20,29.7,24.9,26.7,6.1
2019-09-21,29.5,24.7,26.6,2.0
2019-09-22,29.9,24.3,26.6,2.0
2019-09-23,29.2,24.1,26.3,6.1
2019-09-24,30.8,24.0,26.7,4.3
2019-09-25,30.1,22.3,25.9,1.2
2019-09-26,30.7,22.2,26.1,0.0
2019-09-27,28.6,23.8,26.0,4.4
2019-09-28,31.4,24.5,27.2,0.9
2019-09-29,31.2,25.7,27.9,0.9
2019-09-30,31.6,25.6,28.0,0.9
2019-10-01,31.7,24.3,27.6,0.1
2019-10-02,30.6,23.4,26.7,0.6
2019-10-03,31.8,24.1,27.1,0.3
2019-10-04,32.1,22.9,27.1,0.0
2019-10-05,31.5,22.5,26.7,0.6
2019-10-06,30.2,22.2,26.5,1.5
2019-10-07,29.3,22.9,26.0,2.3
2019-10-08,27.6,18.8,22.3,1.2
2019-10-09,30.0,18.8,24.2,0.7
2019-10-10,32.2,23.9,27.2,0.2
2019-10-11,28.5,15.8,23.0,4.4
2019-10-12,19.2,12.0,14.7,0.0
2019-10-13,26.6,14.6,19.1,0.0
2019-10-14,29.8,21.9,24.6,14.6
2019-10-15,30.7,24.3,26.4,7.6
2019-10-16,26.6,20.6,23.7,15.2
2019-10-17,20.4,14.2,17.3,0.1
2019-10-18,24.8,13.9,17.9,0.0
2019-10-19,30.5,18.1,23.2,0.8
2019-10-20,30.6,23.0,25.7,6.6
2019-10-21,25.8,20.3,23.9,31.7
2019-10-22,24.0,13.3,18.8,0.0
2019-10-23,25.9,14.7,19.5,0.0
2019-10-24,27.1,19.1,22.2,0.0
2019-10-25,22.1,9.8,16.4,76.0
2019-10-26,19.4,8.6,12.8,0.0
2019-10-27,24.2,10.5,16.6,0.0
2019-10-28,23.5,16.5,19.4,0.1
2019-10-29,24.0,20.2,21.6,15.7
2019-10-30,22.4,14.4,19.8,5.7
2019-10-31,12.5,4.7,8.5,9.8
2019-11-01,14.8,2.3,7.9,0.0
2019-11-02,18.0,7.1,12.1,0.0
2019-11-03,18.8,6.5,12.0,0.0
2019-11-04,23.9,12.9,17.4,1.0
2019-11-05,26.3,18.8,21.7,1.0
2019-11-06,25.1,18.2,21.3,0.0
2019-11-07,22.1,16.8,19.2,20.3
2019-11-08,17.3,10.9,12.3,7.9
2019-11-09,17.3,4.9,10.3,0.0
2019-11-10,22.3,8.0,14.2,0.0
2019-11-11,24.9,15.4,19.4,1.6
2019-11-12,9.8,1.9,4.9,2.9
2019-11-13,7.1,-1.4,3.0,0.5
2019-11-14,8.5,6.3,7.1,8.6
2019-11-15,15.1,3.9,8.7,0.1
2019-11-16,15.3,3.1,8.7,0.0
2019-11-17,19.0,4.3,11.4,0.0
2019-11-18,21.2,9.5,15.1,0.0
2019-11-19,23.7,9.6,16.0,0.0
2019-11-20,23.8,15.9,19.4,2.8
2019-11-21,26.5,20.8,22.7,1.1
2019-11-22,26.7,19.2,22.1,13.8
2019-11-23,17.7,8.1,12.7,2.7
2019-11-24,18.8,5.7,12.3,0.0
2019-11-25,24.9,12.0,16.9,0.1
2019-11-26,26.2,21.2,23.2,1.3
2019-11-27,24.0,16.4,20.0,1.2
2019-11-28,24.6,15.6,19.0,1.8
2019-11-29,26.1,20.5,22.4,1.0
2019-11-30,27.1,21.9,23.6,2.0
2019-12-01,24.0,12.0,17.4,0.5
2019-12-02,16.4,7.3,11.8,0.0
2019-12-03,20.7,5.0,12.0,0.0
2019-12-04,21.0,8.6,14.1,0.0
2019-12-05,24.4,10.1,16.1,0.0
2019-12-06,22.1,18.0,19.6,0.4
2019-12-07,20.6,11.9,16.2,0.0
2019-12-08,24.5,10.8,16.1,0.0
2019-12-09,27.7,18.2,21.9,0.0
2019-12-10,23.2,10.1,15.3,32.4
2019-12-11,13.9,5.8,9.1,0.0
2019-12-12,17.5,5.5,9.8,0.0
2019-12-13,22.8,11.9,16.1,0.8
2019-12-14,21.7,8.9,14.6,0.0
2019-12-15,27.2,15.0,20.6,0.0
2019-12-16,23.6,12.5,20.6,14.7
2019-12-17,11.2,3.8,7.3,0.0
2019-12-18,13.2,0.4,7.0,0.0
2019-12-19,14.2,1.9,7.1,0.0
2019-12-20,13.5,7.9,10.3,1.5
2019-12-21,14.1,7.7,10.1,1.7
2019-12-22,15.5,6.1,10.4,0.0
2019-12-23,19.0,5.0,10.7,0.0
2019-12-24,20.5,6.3,12.1,0.0
2019-12-25,20.5,9.1,14.4,0.0
2019-12-26,21.9,13.5,16.9,0.8
2019-12-27,22.3,13.6,17.1,0.1
2019-12-28,25.0,16.4,19.7,0.8
2019-12-29,21.5,15.7,19.1,12.8
2019-12-30,15.1,5.8,10.8,0.0
2019-12-31,14.7,2.6,9.1,0.0
2020-01-01,16.0,9.1,12.1,0.0
2020-01-02,20.4,13.6,16.3,25.0
2020-01-03,18.9,12.4,15.9,2.4
2020-01-04,18.6,6.0,12.4,0.0
2020-01-05,21.5,8.4,13.9,0.0
2020-01-06,23.0,12.3,16.2,0.0
2020-01-07,19.3,8.8,14.7,0.0
2020-01-08,19.7,4.1,12.0,0.0
2020-01-09,24.4,15.7,19.6,0.6
2020-01-10,24.0,19.5,21.3,2.2
2020-01-11,22.7,9.9,16.2,14.5
2020-01-12,17.0,2.8,8.4,0.0
2020-01-13,19.5,11.9,14.5,3.5
2020-01-14,25.2,17.5,20.9,13.9
2020-01-15,25.8,20.5,22.2,0.5
2020-01-16,23.0,19.8,21.2,0.8
2020-01-17,22.8,16.1,19.3,4.8
2020-01-18,22.3,17.7,19.4,12.5
2020-01-19,18.6,7.1,12.4,1.2
2020-01-20,14.4,5.3,9.3,0.0
2020-01-21,13.9,4.1,9.1,0.0
2020-01-22,15.1,7.9,10.6,11.9
2020-01-23,18.0,13.8,15.6,8.7
2020-01-24,17.9,4.9,11.1,0.0
2020-01-25,18.6,6.8,12.5,0.5
2020-01-26,22.8,15.2,17.8,11.4
2020-01-27,18.5,10.3,14.0,0.0
2020-01-28,18.9,12.1,14.6,11.0
2020-01-29,16.5,7.5,11.6,1.8
2020-01-30,14.0,9.1,10.7,0.9
2020-01-31,14.6,8.5,11.3,0.3
2020-02-01,18.7,4.2,10.2,0.0
2020-02-02,22.1,8.8,13.8,0.0
2020-02-03,22.9,13.4,17.7,0.0
2020-02-04,25.9,18.6,21.4,2.5
2020-02-05,21.3,7.1,13.0,12.5
2020-02-06,10.4,2.0,5.9,2.1
2020-02-07,20.8,2.3,9.6,0.0
2020-02-08,20.3,10.1,14.0,0.4
2020-02-09,22.7,15.3,18.5,7.5
2020-02-10,24.4,18.8,21.4,10.5
2020-02-11,22.7,10.2,14.4,9.7
2020-02-12,18.2,11.0,13.9,12.4
2020-02-13,14.8,6.7,10.5,0.0
2020-02-14,14.5,3.3,8.4,0.0
2020-02-15,19.2,6.5,11.8,0.0
2020-02-16,22.4,12.8,16.9,0.4
2020-02-17,24.7,15.0,19.2,2.7
2020-02-18,25.0,20.2,22.0,0.4
2020-02-19,22.5,13.3,16.3,6.2
2020-02-20,14.0,9.3,11.1,12.5
2020-02-21,12.3,4.1,8.1,0.2
2020-02-22,16.3,4.1,9.0,0.0
2020-02-23,20.4,10.1,14.6,0.5
2020-02-24,23.1,17.1,19.0,18.9
2020-02-25,20.7,9.5,15.2,0.0
2020-02-26,18.0,7.0,11.7,0.2
2020-02-27,13.0,0.3,7.0,0.0
2020-02-28,19.1,4.9,10.5,0.0
2020-02-29,21.5,6.3,13.6,0.0
2020-03-01,22.1,16.0,18.7,0.7
2020-03-02,25.7,18.1,20.4,1.8
2020-03-03,25.3,19.5,21.6,1.6
2020-03-04,25.0,19.5,21.4,6.2
2020-03-05,21.2,11.1,15.1,0.7
2020-03-06,19.8,11.6,15.2,0.0
2020-03-07,16.9,8.7,12.5,0.0
2020-03-08,22.0,10.9,15.4,0.0
2020-03-09,23.1,15.4,18.5,4.0
2020-03-10,25.2,18.3,20.5,5.6
2020-03-11,25.3,16.8,20.6,0.4
2020-03-12,27.2,19.1,22.1,0.3
2020-03-13,25.7,20.4,22.4,2.3
2020-03-14,26.5,20.9,23.0,0.2
2020-03-15,26.1,20.6,22.5,2.8
2020-03-16,23.0,17.6,20.4,1.3
2020-03-17,26.3,18.7,21.3,1.8
2020-03-18,27.2,20.2,23.0,0.3
2020-03-19,28.5,21.6,24.2,0.6
2020-03-20,25.6,18.9,22.1,38.1
2020-03-21,19.1,12.0,15.8,3.5
2020-03-22,25.0,15.4,18.8,3.4
2020-03-23,27.3,20.1,23.0,2.4
2020-03-24,28.2,21.5,24.1,1.1
2020-03-25,29.8,17.9,23.2,0.0
2020-03-26,29.4,19.3,23.8,0.0
2020-03-27,29.7,21.4,24.7,0.0
2020-03-28,28.5,20.8,24.2,1.0
2020-03-29,25.2,13.0,18.5,0.4
2020-03-30,27.4,18.3,22.1,1.1
2020-03-31,24.2,21.1,22.4,0.9
2020-04-01,22.9,11.8,17.4,0.0
2020-04-02,25.5,15.9,19.7,0.2
2020-04-03,24.8,19.5,21.6,2.8
2020-04-04,21.3,12.8,17.3,22.3
2020-04-05,22.6,15.3,18.0,3.2
2020-04-06,25.3,17.4,20.7,2.7
2020-04-07,28.2,21.5,23.9,2.9
2020-04-08,29.9,22.2,25.1,0.5
2020-04-09,29.7,21.0,25.2,13.3
2020-04-10,23.4,19.7,21.8,2.0
2020-04-11,26.0,16.3,20.8,0.9
2020-04-12,30.5,22.3,25.2,3.9
2020-04-13,25.4,11.1,17.4,0.0
2020-04-14,20.8,8.3,14.7,0.0
2020-04-15,19.6,9.0,14.3,0.0
2020-04-16,23.1,10.6,16.3,0.0
2020-04-17,26.1,17.6,21.3,7.7
2020-04-18,23.8,15.9,20.0,25.3
2020-04-19,26.9,20.5,22.5,24.4
2020-04-20,27.7,17.5,22.4,0.1
2020-04-21,27.5,18.9,22.3,0.6
2020-04-22,29.1,20.6,24.0,1.4
2020-04-23,28.9,20.7,25.2,5.4
2020-04-24,31.9,17.3,23.7,0.0
2020-04-25,28.0,18.2,22.8,0.1
2020-04-26,28.0,15.2,21.3,0.0
2020-04-27,28.4,16.5,22.3,0.0
2020-04-28,26.9,20.9,22.9,34.4
2020-04-29,26.5,19.0,22.8,10.0
2020-04-30,25.5,13.2,19.5,0.0
2020-05-01,27.4,15.5,21.0,0.0
2020-05-02,29.0,19.0,23.2,0.0
2020-05-03,29.7,19.6,24.2,0.0
2020-05-04,30.8,21.2,25.0,0.1
2020-05-05,31.1,22.9,26.3,0.6
2020-05-06,27.4,19.1,23.3,6.8
2020-05-07,27.7,15.3,21.7,0.0
2020-05-08,30.7,21.6,25.1,11.4
2020-05-09,22.7,16.1,20.0,0.5
2020-05-10,25.1,15.4,19.8,0.0
2020-05-11,26.6,15.8,21.0,0.0
2020-05-12,27.9,20.4,23.7,0.0
2020-05-13,29.6,21.2,24.5,26.8
2020-05-14,28.7,22.9,24.6,5.9
2020-05-15,28.3,21.9,24.8,4.5
2020-05-16,28.6,20.1,23.5,70.4
2020-05-17,28.8,17.7,22.7,2.2
2020-05-18,31.7,17.5,24.6,0.0
2020-05-19,33.0,20.6,26.5,0.0
2020-05-20,33.5,21.4,27.0,0.4
2020-05-21,31.3,21.5,26.4,0.4
2020-05-22,31.7,22.6,26.5,1.5
2020-05-23,31.3,23.2,26.8,2.5
2020-05-24,28.9,20.9,25.1,3.2
2020-05-25,30.4,21.4,24.8,2.9
2020-05-26,28.0,19.4,23.8,1.4
2020-05-27,30.1,17.1,22.5,11.7
2020-05-28,27.2,20.0,22.8,35.2
2020-05-29,29.2,20.5,24.1,0.3
2020-05-30,29.0,21.0,24.8,0.6
2020-05-31,27.6,22.0,24.5,5.5
2020-06-01,27.9,21.9,24.2,18.8
2020-06-02,30.0,22.2,25.5,0.5
2020-06-03,28.9,22.2,25.7,10.9
2020-06-04,30.1,21.8,26.0,1.3
2020-06-05,30.7,22.1,26.4,2.8
2020-06-06,33.2,22.7,27.9,0.1
2020-06-07,34.9,23.3,28.7,0.0
2020-06-08,32.4,24.5,28.3,1.8
2020-06-09,35.3,25.9,29.7,0.2
2020-06-10,33.4,23.7,28.1,3.7
2020-06-11,32.4,20.0,25.9,0.0
2020-06-12,32.8,20.1,25.9,0.0
2020-06-13,32.8,20.7,26.8,0.0
2020-06-14,31.6,20.9,26.4,0.6
2020-06-15,32.4,23.2,27.5,1.1
2020-06-16,33.3,22.3,27.7,0.0
2020-06-17,33.8,22.0,27.8,0.1
2020-06-18,33.6,22.7,27.7,0.0
2020-06-19,32.5,23.8,27.4,1.3
2020-06-20,32.1,23.1,26.7,10.3
2020-06-21,29.8,24.1,26.5,4.7
2020-06-22,29.1,22.1,25.0,27.9
2020-06-23,28.8,23.0,25.4,7.2
2020-06-24,28.0,22.8,24.9,72.6
2020-06-25,29.2,22.9,25.5,15.6
2020-06-26,28.9,24.7,26.6,1.7
2020-06-27,29.9,25.0,27.2,2.1
2020-06-28,30.4,25.4,27.5,0.2
2020-06-29,31.4,26.0,28.1,1.1
2020-06-30,32.6,26.0,28.7,2.7
2020-07-01,33.2,25.9,29.0,0.4
2020-07-02,34.7,25.8,29.4,0.0
2020-07-03,33.6,25.0,29.1,0.0
2020-07-04,34.6,24.2,28.7,0.0
2020-07-05,35.3,24.8,29.6,0.0
2020-07-06,33.6,26.1,29.6,1.1
2020-07-07,34.4,26.0,29.1,1.2
2020-07-08,35.1,26.6,30.1,0.3
2020-07-09,35.6,26.6,30.3,0.1
2020-07-10,36.9,26.3,30.6,0.0
2020-07-11,37.4,26.9,31.0,0.1
2020-07-12,37.0,25.5,30.5,0.0
2020-07-13,38.3,26.1,31.6,0.0
2020-07-14,36.9,26.5,30.5,0.0
2020-07-15,35.6,27.1,30.6,0.0
2020-07-16,36.4,25.6,30.5,0.0
2020-07-17,31.1,25.7,27.4,23.5
2020-07-18,31.5,24.0,26.8,4.2
2020-07-19,31.9,24.7,27.6,1.3
2020-07-20,30.5,23.5,26.9,13.6
2020-07-21,28.8,23.8,25.3,59.3
2020-07-22,29.6,23.5,25.7,19.8
2020-07-23,32.1,24.9,27.2,9.8
2020-07-24,31.0,25.3,28.1,6.8
2020-07-25,28.1,24.9,26.2,25.6
2020-07-26,28.0,24.0,25.9,23.7
2020-07-27,29.7,23.7,25.9,11.4
2020-07-28,31.0,23.5,26.3,15.4
2020-07-29,30.8,23.6,26.9,11.4
2020-07-30,32.4,25.5,28.1,0.9
2020-07-31,32.2,25.3,28.0,4.4
2020-08-01,29.5,23.8,26.6,16.3
2020-08-02,31.4,23.1,27.0,0.0
2020-08-03,33.1,24.5,28.0,0.4
2020-08-04,33.1,23.8,27.9,11.6
2020-08-05,33.8,24.7,28.6,0.2
2020-08-06,33.0,25.1,28.7,0.6
2020-08-07,33.8,24.0,28.2,0.0
2020-08-08,31.9,24.3,28.1,2.5
2020-08-09,32.6,25.1,28.3,2.2
2020-08-10,34.9,25.7,29.5,0.2
2020-08-11,34.0,25.4,29.0,1.9
2020-08-12,36.0,26.2,29.9,0.4
2020-08-13,36.6,25.6,30.6,0.0
2020-08-14,37.5,26.0,31.0,0.3
2020-08-15,37.5,26.4,31.2,0.0
2020-08-16,37.1,26.6,31.4,0.0
2020-08-17,35.7,25.7,30.1,2.7
2020-08-18,35.3,24.5,30.2,0.0
2020-08-19,35.8,25.0,29.8,0.0
2020-08-20,34.7,23.9,29.0,0.2
2020-08-21,32.6,23.5,27.6,4.6
2020-08-22,32.0,24.9,28.2,0.8
2020-08-23,33.5,23.0,27.6,0.0
2020-08-24,33.8,24.6,28.8,0.0
2020-08-25,34.9,25.2,29.7,0.2
2020-08-26,31.4,26.0,28.6,10.2
2020-08-27,34.2,26.0,29.6,0.1
2020-08-28,34.4,25.8,30.0,2.0
2020-08-29,33.2,26.3,29.2,2.2
2020-08-30,33.5,26.1,29.2,1.8
2020-08-31,36.1,26.2,30.2,1.0
2020-09-01,36.0,27.8,31.0,0.6
2020-09-02,37.6,28.0,31.7,0.1
2020-09-03,32.0,27.7,29.7,1.9
2020-09-04,32.0,24.5,27.6,9.3
2020-09-05,32.1,24.6,27.3,3.2
2020-09-06,32.8,24.2,27.1,4.5
2020-09-07,31.9,24.2,27.4,1.6
2020-09-08,28.8,24.7,26.3,21.7
2020-09-09,31.9,24.9,27.5,5.9
2020-09-10,31.7,24.1,26.7,5.4
2020-09-11,31.1,20.9,25.3,6.0
2020-09-12,32.9,23.0,27.4,1.0
2020-09-13,32.1,24.2,27.6,3.9
2020-09-14,32.3,24.1,27.4,15.6
2020-09-15,33.7,24.4,28.4,0.3
2020-09-16,33.7,24.8,29.1,0.1
2020-09-17,30.5,24.8,26.9,12.8
2020-09-18,30.8,23.9,26.6,0.2
2020-09-19,31.2,20.9,25.7,0.0
2020-09-20,27.7,19.8,23.0,14.8
2020-09-21,24.6,20.1,22.0,14.0
2020-09-22,28.0,22.5,24.3,61.8
2020-09-23,27.8,21.3,23.6,10.9
2020-09-24,24.7,19.9,22.6,0.2
2020-09-25,27.0,19.4,22.5,0.0
2020-09-26,29.6,19.0,23.7,0.0
2020-09-27,31.3,23.3,26.4,0.0
2020-09-28,27.9,19.8,24.2,9.8
2020-09-29,25.2,15.0,21.0,0.0
2020-09-30,27.5,12.7,19.9,0.0
2020-10-01,28.9,13.7,21.1,0.0
2020-10-02,27.4,15.8,21.6,0.0
2020-10-03,28.1,14.2,20.7,0.0
2020-10-04,28.3,15.6,21.7,0.0
2020-10-05,27.3,19.0,22.7,0.0
2020-10-06,29.2,17.2,22.5,0.0
2020-10-07,29.7,15.4,22.1,0.0
2020-10-08,26.8,22.3,24.6,4.7
2020-10-09,25.2,22.8,23.8,30.4
2020-10-10,31.2,19.7,25.0,0.1
2020-10-11,32.3,22.4,26.6,0.0
2020-10-12,30.7,23.4,26.4,0.4
2020-10-13,29.3,20.5,25.3,0.0
2020-10-14,30.7,20.0,24.7,0.0
2020-10-15,31.3,21.7,25.9,0.2
2020-10-16,26.8,14.8,19.2,20.8
2020-10-17,27.0,17.4,20.9,0.2
2020-10-18,30.1,21.5,25.0,0.0
2020-10-19,29.3,23.2,25.4,2.3
2020-10-20,29.5,21.7,24.8,0.6
2020-10-21,29.3,21.4,24.5,1.2
2020-10-22,27.4,22.5,24.4,4.8
2020-10-23,27.8,22.0,24.1,3.9
2020-10-24,23.4,12.9,17.1,0.0
2020-10-25,23.9,17.0,19.9,1.5
2020-10-26,27.9,21.6,23.7,2.6
2020-10-27,25.9,16.7,21.0,2.1
2020-10-28,18.8,10.0,13.9,12.4
2020-10-29,17.3,8.5,11.8,0.0
2020-10-30,18.5,8.9,12.9,0.0
2020-10-31,22.1,8.0,14.4,0.0
2020-11-01,24.5,11.1,17.3,0.0
2020-11-02,21.2,10.1,15.8,0.0
2020-11-03,23.0,7.8,14.7,0.0
2020-11-04,25.2,10.3,16.8,0.0
2020-11-05,26.1,16.6,20.5,0.0
2020-11-06,24.7,13.8,19.0,0.0
2020-11-07,26.4,14.2,19.5,0.0
2020-11-08,26.6,18.1,21.3,0.3
2020-11-09,29.1,20.3,23.6,0.2
2020-11-10,27.8,21.8,24.2,2.1
2020-11-11,27.4,19.8,23.4,2.3
2020-11-12,27.2,17.7,22.0,0.0
2020-11-13,24.6,19.0,21.5,6.6
2020-11-14,27.4,21.4,23.3,3.0
2020-11-15,24.4,16.7,22.5,1.6
2020-11-16,21.1,9.4,15.4,0.0
2020-11-17,22.5,8.4,14.5,0.0
2020-11-18,22.3,9.6,15.4,0.0
2020-11-19,26.2,14.3,18.9,0.0
2020-11-20,25.8,18.5,21.2,2.1
2020-11-21,24.7,18.5,21.0,0.5
2020-11-22,25.8,16.3,20.5,0.0
2020-11-23,23.2,15.4,19.2,0.0
2020-11-24,27.2,15.9,20.9,0.8
2020-11-25,22.7,18.2,20.9,3.2
2020-11-26,25.2,13.2,17.7,0.0
2020-11-27,22.7,20.7,21.7,56.2
2020-11-28,21.4,17.8,19.0,60.0
2020-11-29,18.4,13.7,16.3,15.0
2020-11-30,12.2,6.2,9.8,0.0
2020-12-01,16.3,0.4,7.4,0.0
2020-12-02,19.9,14.3,16.5,25.0
2020-12-03,17.2,6.6,11.1,5.8
2020-12-04,13.4,5.6,8.9,0.0
2020-12-05,11.7,4.5,8.2,1.2
2020-12-06,16.3,6.0,11.1,0.0
2020-12-07,16.6,5.9,11.3,0.0
2020-12-08,20.4,4.7,11.4,0.0
2020-12-09,22.5,8.0,13.8,0.0
2020-12-10,22.8,10.1,15.8,0.0
2020-12-11,22.2,16.4,18.9,5.6
2020-12-12,20.0,15.5,17.7,5.2
2020-12-13,21.3,14.5,17.2,25.2
2020-12-14,12.4,4.4,7.6,0.0
2020-12-15,12.0,7.6,9.3,6.7
2020-12-16,10.4,4.9,8.3,0.1
2020-12-17,12.0,-0.3,5.3,0.0
2020-12-18,18.8,5.2,10.5,0.0
2020-12-19,17.7,15.4,16.6,70.1
2020-12-20,18.8,8.6,13.3,0.0
2020-12-21,20.4,6.4,12.4,0.0
2020-12-22,20.5,8.9,14.2,0.0
2020-12-23,21.1,15.5,18.3,3.2
2020-12-24,18.6,4.2,9.9,3.7
2020-12-25,15.3,3.3,8.4,0.0
2020-12-26,19.4,5.4,11.3,0.0
2020-12-27,21.4,12.1,15.5,0.1
2020-12-28,22.8,14.6,18.2,0.1
2020-12-29,22.3,15.2,17.9,0.0
2020-12-30,21.8,18.4,19.8,9.7
2020-12-31,19.9,12.0,17.6,56.8
2021-01-01,12.4,3.8,7.7,0.0
2021-01-02,13.0,3.3,7.0,0.0
2021-01-03,18.5,5.0,10.4,0.0
2021-01-04,22.0,10.2,14.7,0.0
2021-01-05,19.8,9.0,14.0,0.0
2021-01-06,21.7,13.6,16.5,5.0
2021-01-07,14.6,8.5,11.7,13.5
2021-01-08,12.1,5.5,8.9,0.0
2021-01-09,11.5,2.0,6.3,0.0
2021-01-10,9.1,3.6,6.2,16.7
2021-01-11,7.3,1.0,3.6,5.9
2021-01-12,9.3,-1.3,3.9,0.0
2021-01-13,14.2,1.7,7.5,0.0
2021-01-14,19.6,5.8,10.7,0.0
2021-01-15,15.1,5.9,10.6,0.0
2021-01-16,13.5,3.8,8.3,0.0
2021-01-17,17.8,3.2,10.5,0.0
2021-01-18,20.2,4.4,11.4,0.1
2021-01-19,22.8,16.8,18.8,0.8
2021-01-20,18.6,13.4,15.7,0.0
2021-01-21,20.7,16.7,18.3,4.2
2021-01-22,20.7,17.5,18.9,10.5
2021-01-23,19.1,15.8,17.2,1.0
2021-01-24,25.4,15.8,19.0,7.1
2021-01-25,24.2,20.2,21.6,4.1
2021-01-26,22.4,16.0,19.0,0.0
2021-01-27,19.1,12.6,16.5,0.1
2021-01-28,14.2,4.3,9.3,0.0
2021-01-29,17.5,5.0,10.0,0.0
2021-01-30,22.1,12.1,17.3,1.9
2021-01-31,20.0,12.6,16.5,0.7
2021-02-01,15.4,6.3,11.0,0.0
2021-02-02,17.0,3.8,10.2,0.0
2021-02-03,19.9,8.7,13.0,0.0
2021-02-04,24.6,16.2,19.2,0.2
2021-02-05,21.3,8.9,12.8,9.8
2021-02-06,19.0,9.5,12.8,3.3
2021-02-07,16.9,4.5,11.2,0.0
2021-02-08,20.8,10.2,14.7,0.1
2021-02-09,21.0,14.4,17.4,1.4
2021-02-10,21.2,15.7,17.7,18.6
2021-02-11,15.0,5.9,9.0,8.1
2021-02-12,8.4,2.0,4.4,12.3
2021-02-13,6.3,1.3,2.8,5.6
2021-02-14,4.6,1.7,2.8,4.2
2021-02-15,0.4,-9.0,-5.0,15.6
2021-02-16,2.0,-10.4,-6.4,0.0
2021-02-17,5.5,-2.1,1.0,14.5
2021-02-18,3.1,-1.6,0.4,0.0
2021-02-19,7.7,-4.3,0.5,0.0
2021-02-20,14.6,-3.1,4.1,0.0
2021-02-21,20.1,7.8,13.3,0.1
2021-02-22,20.6,10.7,15.1,0.2
2021-02-23,22.9,6.4,14.1,0.0
2021-02-24,24.2,13.4,18.3,1.2
2021-02-25,22.5,18.7,20.1,3.8
2021-02-26,25.5,18.7,20.6,4.3
2021-02-27,23.8,19.1,21.1,1.0
2021-02-28,25.3,20.5,22.0,2.3
2021-03-01,22.6,13.8,18.9,7.3
2021-03-02,16.9,9.2,12.3,22.6
2021-03-03,17.6,5.0,11.1,0.0
2021-03-04,19.9,6.4,12.3,0.0
2021-03-05,22.5,10.6,15.5,2.6
2021-03-06,19.6,10.4,14.8,0.9
2021-03-07,17.9,6.4,12.3,0.0
2021-03-08,20.9,6.3,12.8,0.0
2021-03-09,22.3,14.0,17.5,0.1
2021-03-10,24.1,16.1,19.4,0.6
2021-03-11,24.5,18.6,21.0,0.8
2021-03-12,24.9,19.7,21.5,0.3
2021-03-13,25.0,17.5,20.8,0.1
2021-03-14,24.3,14.9,20.8,8.2
2021-03-15,22.4,15.4,18.1,8.4
2021-03-16,25.6,19.2,21.4,6.5
2021-03-17,23.9,19.8,21.9,23.4
2021-03-18,21.3,8.7,14.1,0.0
2021-03-19,18.3,7.8,12.7,0.0
2021-03-20,17.9,6.4,12.0,0.0
2021-03-21,19.2,7.1,12.9,0.0
2021-03-22,21.9,12.4,17.0,0.3
2021-03-23,25.5,17.1,20.6,21.6
2021-03-24,22.2,13.6,18.3,3.9
2021-03-25,23.4,16.4,20.2,2.0
2021-03-26,25.4,11.6,17.7,0.0
2021-03-27,27.3,20.0,22.8,1.7
2021-03-28,25.3,16.8,20.4,6.1
2021-03-29,21.0,8.7,14.4,0.0
2021-03-30,26.6,15.6,20.2,2.0
2021-03-31,23.5,19.0,21.7,20.8
2021-04-01,19.6,10.9,15.7,0.1
2021-04-02,17.9,9.1,13.6,0.0
2021-04-03,17.9,10.6,14.0,1.7
2021-04-04,22.5,12.7,16.7,0.9
2021-04-05,23.9,14.6,18.9,0.4
2021-04-06,26.2,18.4,21.4,0.3
2021-04-07,27.4,20.0,22.9,0.4
2021-04-08,29.5,18.3,23.0,4.4
2021-04-09,28.7,20.4,23.7,0.8
2021-04-10,27.3,19.2,22.9,0.1
2021-04-11,28.2,12.7,20.1,0.0
2021-04-12,29.9,15.6,21.7,0.0
2021-04-13,28.7,21.7,24.0,2.7
2021-04-14,25.5,20.7,22.6,15.1
2021-04-15,22.9,17.4,20.0,12.2
2021-04-16,23.4,17.6,19.8,61.4
2021-04-17,21.0,13.9,17.1,14.4
2021-04-18,18.1,10.9,14.2,0.9
2021-04-19,20.6,9.3,15.4,0.0
2021-04-20,24.5,11.4,17.5,1.2
2021-04-21,23.5,8.6,14.8,0.0
2021-04-22,21.4,10.9,15.4,0.0
2021-04-23,24.8,18.1,20.8,10.7
2021-04-24,28.1,21.8,24.4,5.7
2021-04-25,25.5,15.5,20.9,0.0
2021-04-26,26.3,16.7,20.9,0.0
2021-04-27,26.7,20.6,23.4,0.2
2021-04-28,29.6,22.1,25.3,0.1
2021-04-29,28.3,21.7,24.8,2.9
2021-04-30,23.9,21.2,22.5,91.8
2021-05-01,24.9,19.5,21.3,48.7
2021-05-02,28.4,19.0,22.8,9.1
2021-05-03,29.5,22.7,25.5,0.5
2021-05-04,27.4,22.7,25.3,12.3
2021-05-05,25.9,15.9,21.4,0.0
2021-05-06,27.4,15.9,21.4,0.0
2021-05-07,27.7,16.2,21.9,0.0
2021-05-08,27.3,18.4,22.6,1.0
2021-05-09,29.2,22.9,25.2,2.8
2021-05-10,30.3,20.6,26.1,2.8
2021-05-11,30.0,23.9,26.1,5.8
2021-05-12,24.5,18.2,20.8,24.2
2021-05-13,24.7,17.8,20.6,0.1
2021-05-14,26.1,17.9,21.5,0.0
2021-05-15,26.5,17.7,22.4,0.4
2021-05-16,25.1,21.0,23.0,18.6
2021-05-17,26.1,21.0,22.7,22.4
2021-05-18,28.6,19.7,22.9,3.5
2021-05-19,25.7,19.0,22.1,36.4
2021-05-20,26.7,18.1,21.8,15.1
2021-05-21,27.1,21.9,23.7,6.4
2021-05-22,24.7,22.4,23.3,89.6
2021-05-23,24.3,21.7,22.7,52.4
2021-05-24,26.7,21.2,22.9,61.7
2021-05-25,26.0,21.7,23.5,17.3
2021-05-26,29.1,22.1,24.9,3.8
2021-05-27,29.8,22.0,25.7,0.2
2021-05-28,27.7,23.0,25.1,6.4
2021-05-29,29.2,21.9,24.6,9.0
2021-05-30,26.5,21.4,23.7,3.4
2021-05-31,27.2,21.6,24.2,2.1
2021-06-01,27.4,21.9,24.4,3.4
2021-06-02,27.3,21.0,24.1,2.8
2021-06-03,26.0,20.5,23.7,14.1
2021-06-04,25.5,21.6,22.9,122.0
2021-06-05,27.9,20.3,23.5,2.2
2021-06-06,29.5,20.7,24.1,3.3
2021-06-07,30.8,25.0,27.5,0.9
2021-06-08,30.8,24.3,27.3,12.6
2021-06-09,31.1,25.4,27.9,3.0
2021-06-10,30.7,24.9,27.7,1.3
2021-06-11,31.9,23.6,27.6,0.1
2021-06-12,32.1,23.7,27.8,1.7
2021-06-13,32.9,25.1,28.4,0.5
2021-06-14,33.0,25.0,28.2,0.6
2021-06-15,32.9,25.0,28.3,2.4
2021-06-16,33.3,22.5,27.0,1.9
2021-06-17,32.4,23.9,28.0,1.2
2021-06-18,32.8,22.0,27.6,0.0
2021-06-19,32.5,23.4,28.2,0.5
2021-06-20,31.1,24.4,27.4,4.6
2021-06-21,30.2,25.5,26.9,8.4
2021-06-22,30.0,23.8,26.0,21.4
2021-06-23,31.8,23.9,27.1,5.6
2021-06-24,32.0,23.2,27.7,2.8
2021-06-25,31.2,25.6,28.2,4.0
2021-06-26,31.3,25.5,28.3,0.7
2021-06-27,28.8,24.5,26.6,11.2
2021-06-28,28.4,22.9,24.5,38.4
2021-06-29,28.6,23.5,25.6,8.6
2021-06-30,30.1,23.8,26.1,4.0
2021-07-01,30.8,22.7,26.5,3.9
2021-07-02,32.4,23.4,27.3,2.7
2021-07-03,30.4,24.6,26.6,16.6
2021-07-04,28.7,23.8,25.6,31.6
2021-07-05,29.8,23.5,25.6,18.7
2021-07-06,26.4,23.3,24.8,37.8
2021-07-07,27.7,23.5,24.9,12.5
2021-07-08,26.2,24.1,24.9,38.2
2021-07-09,27.0,24.1,24.9,84.9
2021-07-10,29.9,24.8,26.8,3.2
2021-07-11,31.4,23.9,26.9,0.9
2021-07-12,31.2,24.6,27.5,2.1
2021-07-13,29.2,23.0,26.0,2.4
2021-07-14,28.2,23.0,24.9,7.7
2021-07-15,29.6,23.6,25.9,4.0
2021-07-16,29.9,23.9,26.1,6.0
2021-07-17,32.1,23.9,27.9,0.6
2021-07-18,30.5,24.2,27.3,2.7
2021-07-19,30.8,24.2,26.9,4.9
2021-07-20,29.9,23.0,26.2,37.6
2021-07-21,30.9,23.2,26.4,2.6
2021-07-22,30.5,23.3,25.8,8.9
2021-07-23,32.7,24.7,27.9,3.1
2021-07-24,33.2,24.6,28.5,0.0
2021-07-25,32.8,22.9,28.0,0.0
2021-07-26,33.1,23.8,28.3,0.0
2021-07-27,32.5,25.0,28.4,0.5
2021-07-28,31.2,23.4,27.0,9.0
2021-07-29,32.5,24.9,28.3,1.8
2021-07-30,32.5,24.7,28.3,2.4
2021-07-31,32.3,24.9,27.7,2.0
2021-08-01,30.9,25.6,27.7,4.8
2021-08-02,31.8,25.5,28.0,5.0
2021-08-03,30.2,24.0,26.5,36.6
2021-08-04,30.6,23.3,26.4,15.6
2021-08-05,27.8,24.0,25.7,25.7
2021-08-06,30.4,23.4,26.0,11.2
2021-08-07,31.9,23.7,27.1,1.7
2021-08-08,31.4,25.2,28.5,1.7
2021-08-09,32.3,26.1,28.6,5.7
2021-08-10,32.1,25.7,28.5,3.8
2021-08-11,30.9,24.8,27.7,2.5
2021-08-12,30.9,24.2,27.1,1.5
2021-08-13,30.5,24.6,26.8,5.7
2021-08-14,30.8,23.6,26.3,2.1
2021-08-15,29.7,23.6,26.5,10.0
2021-08-16,30.6,23.9,26.7,13.3
2021-08-17,31.7,24.0,26.9,8.5
2021-08-18,30.4,26.1,28.0,5.2
2021-08-19,31.8,25.2,27.6,4.2
2021-08-20,33.0,25.3,28.9,0.0
2021-08-21,33.4,25.1,28.9,0.0
2021-08-22,32.6,22.9,27.9,1.6
2021-08-23,32.9,22.7,27.9,0.8
2021-08-24,33.8,23.6,28.7,0.0
2021-08-25,31.4,24.8,27.9,1.5
2021-08-26,30.6,24.7,27.1,9.8
2021-08-27,29.5,24.1,25.7,16.5
2021-08-28,31.5,24.0,27.0,3.7
2021-08-29,30.8,24.4,26.8,4.7
2021-08-30,33.0,24.6,28.6,0.5
2021-08-31,32.8,26.3,28.9,4.5
2021-09-01,30.5,24.6,27.2,9.7
2021-09-02,31.6,24.9,27.4,2.2
2021-09-03,31.4,24.8,27.3,9.3
2021-09-04,32.6,24.5,28.1,0.7
2021-09-05,34.0,24.9,28.7,0.0
2021-09-06,32.1,24.5,28.4,2.3
2021-09-07,32.7,21.7,26.2,5.1
2021-09-08,32.9,20.6,26.6,0.0
2021-09-09,33.0,22.2,27.2,0.0
2021-09-10,31.8,23.0,27.3,0.0
2021-09-11,30.7,19.5,24.9,0.0
2021-09-12,32.1,22.2,26.8,0.4
2021-09-13,28.5,23.7,24.7,24.7
2021-09-14,26.3,21.7,23.7,89.9
2021-09-15,28.8,22.4,24.4,0.4
2021-09-16,28.2,21.7,24.8,1.1
2021-09-17,29.8,22.4,25.7,0.7
2021-09-18,30.2,22.4,25.9,1.5
2021-09-19,29.5,23.1,25.8,6.9
2021-09-20,31.5,23.8,27.2,1.3
2021-09-21,32.1,24.1,27.8,1.2
2021-09-22,30.0,20.7,25.0,2.6
2021-09-23,26.0,13.9,20.3,0.0
2021-09-24,26.8,15.3,21.2,0.0
2021-09-25,27.6,16.7,21.6,0.0
2021-09-26,28.1,17.3,22.4,0.0
2021-09-27,29.7,21.8,24.7,2.2
2021-09-28,28.8,22.4,24.3,24.3
2021-09-29,28.9,22.2,24.7,14.3
2021-09-30,29.3,22.5,24.7,15.1
2021-10-01,25.4,22.3,23.4,91.7
2021-10-02,25.8,21.8,23.6,52.0
2021-10-03,28.6,22.1,24.6,0.7
2021-10-04,29.1,20.6,24.7,0.0
2021-10-05,28.4,17.7,23.1,0.0
2021-10-06,28.3,16.9,23.1,0.0
2021-10-07,28.8,17.8,23.3,0.0
2021-10-08,28.8,18.2,23.3,0.0
2021-10-09,28.8,18.4,23.6,0.0
2021-10-10,29.7,22.1,25.4,1.4
2021-10-11,27.9,21.9,25.5,2.7
2021-10-12,30.5,23.9,26.4,3.4
2021-10-13,30.9,24.2,27.0,0.0
2021-10-14,26.9,23.2,25.1,60.1
2021-10-15,30.2,22.8,25.7,2.9
2021-10-16,25.3,15.9,20.5,0.7
2021-10-17,21.4,11.8,17.2,0.0
2021-10-18,23.3,11.6,17.3,0.0
2021-10-19,26.7,14.7,20.0,0.0
2021-10-20,28.8,20.4,23.6,0.5
2021-10-21,28.6,21.0,24.1,1.3
2021-10-22,28.9,19.4,23.6,0.0
2021-10-23,26.0,21.0,23.2,7.4
2021-10-24,28.8,20.6,23.7,5.8
2021-10-25,30.3,23.6,25.8,0.5
2021-10-26,28.5,22.5,25.2,1.7
2021-10-27,25.6,19.9,23.7,14.4
2021-10-28,23.7,16.0,19.8,0.0
2021-10-29,20.9,14.0,17.8,0.0
2021-10-30,22.1,8.9,15.6,0.0
2021-10-31,25.1,10.8,17.7,0.0
2021-11-01,24.9,13.1,18.2,0.0
2021-11-02,25.3,15.4,19.6,0.0
2021-11-03,24.5,16.8,19.5,10.5
2021-11-04,16.9,10.4,13.7,15.8
2021-11-05,17.1,7.8,12.9,0.0
2021-11-06,18.6,7.0,12.3,0.0
2021-11-07,20.7,8.5,14.0,0.0
2021-11-08,23.7,11.0,16.2,0.0
2021-11-09,24.8,13.4,18.3,0.0
2021-11-10,26.4,17.2,20.4,0.5
2021-11-11,24.7,19.0,22.0,3.1
2021-11-12,23.5,10.5,16.5,0.0
2021-11-13,19.6,8.0,14.7,0.0
2021-11-14,25.4,9.1,15.5,0.0
2021-11-15,26.5,14.8,19.8,0.0
2021-11-16,26.4,17.9,21.5,0.0
2021-11-17,27.7,19.2,22.8,0.0
2021-11-18,22.6,15.9,19.6,1.6
2021-11-19,17.4,9.1,13.3,0.0
2021-11-20,24.4,10.7,16.2,0.0
2021-11-21,26.5,16.7,20.5,2.3
2021-11-22,20.8,14.4,17.7,1.0
2021-11-23,20.5,7.9,13.8,0.0
2021-11-24,24.7,13.7,18.7,0.9
2021-11-25,21.2,16.5,19.7,21.1
2021-11-26,15.0,7.9,11.8,0.0
2021-11-27,12.4,8.0,10.2,3.3
2021-11-28,16.7,11.8,13.3,5.8
2021-11-29,19.7,7.3,12.5,0.0
2021-11-30,21.7,9.1,14.5,0.0
2021-12-01,24.0,11.9,17.1,0.0
2021-12-02,24.4,12.7,17.5,0.1
2021-12-03,26.4,16.3,20.3,0.2
2021-12-04,25.3,18.6,21.0,4.5
2021-12-05,25.9,17.8,20.7,1.6
2021-12-06,23.0,19.1,21.6,15.0
2021-12-07,19.3,11.3,15.5,0.4
2021-12-08,21.2,16.2,17.9,0.6
2021-12-09,27.1,17.0,21.3,1.2
2021-12-10,27.7,23.0,24.6,1.0
2021-12-11,24.7,13.1,19.6,4.1
2021-12-12,14.8,5.5,10.1,0.0
2021-12-13,21.1,11.2,14.4,2.6
2021-12-14,26.4,19.4,21.9,1.2
2021-12-15,26.6,20.8,22.7,0.5
2021-12-16,26.9,21.2,23.0,1.1
2021-12-17,26.5,20.3,22.5,1.4
2021-12-18,22.3,17.8,20.7,11.2
2021-12-19,14.4,9.2,12.0,0.1
2021-12-20,14.6,8.3,11.0,2.0
2021-12-21,15.3,4.7,9.4,0.0
2021-12-22,21.2,7.6,12.9,0.0
2021-12-23,23.4,14.2,17.4,0.0
2021-12-24,25.4,17.2,20.2,0.0
2021-12-25,26.5,19.0,22.2,0.1
2021-12-26,26.6,18.7,21.8,0.1
2021-12-27,26.7,21.3,23.4,0.1
2021-12-28,26.5,20.9,23.3,0.9
2021-12-29,27.8,21.5,23.6,2.6
2021-12-30,26.8,18.4,21.8,0.0
2021-12-31,27.6,21.2,23.2,0.6
2022-01-01,28.6,22.4,24.5,1.2
2022-01-02,24.3,-0.4,9.4,1.5
2022-01-03,9.8,-0.6,4.0,0.0
2022-01-04,18.7,2.3,8.6,0.0
2022-01-05,23.8,12.0,16.3,0.0
2022-01-06,20.3,14.7,17.4,0.0
2022-01-07,14.6,3.5,8.7,0.0
2022-01-08,22.0,9.9,16.1,25.2
2022-01-09,21.3,17.7,19.2,102.7
2022-01-10,17.1,8.9,12.5,0.0
2022-01-11,13.1,5.1,9.1,0.0
2022-01-12,14.0,8.8,11.0,0.5
2022-01-13,20.0,6.8,11.9,0.0
2022-01-14,22.0,6.3,13.7,0.0
2022-01-15,17.2,7.4,12.3,0.5
2022-01-16,12.4,1.1,5.5,0.0
2022-01-17,17.6,0.5,8.9,0.0
2022-01-18,22.0,8.8,13.9,0.0
2022-01-19,22.2,15.7,18.0,34.8
2022-01-20,19.4,5.2,9.8,13.8
2022-01-21,9.5,2.7,4.5,2.2
2022-01-22,11.0,-0.4,4.7,0.0
2022-01-23,12.6,4.9,7.6,0.0
2022-01-24,13.2,9.5,10.8,11.0
2022-01-25,15.4,7.1,10.4,1.1
2022-01-26,13.1,4.4,9.1,0.0
2022-01-27,14.5,4.9,9.0,0.0
2022-01-28,13.3,8.2,11.1,0.0
2022-01-29,15.3,0.5,8.0,0.0
2022-01-30,19.1,5.6,11.1,0.0
2022-01-31,18.8,12.4,15.3,10.6
2022-02-01,19.6,13.9,15.7,26.7
2022-02-02,23.4,10.5,16.6,1.0
2022-02-03,18.8,2.5,8.4,14.7
2022-02-04,5.7,-4.5,-0.8,2.5
2022-02-05,8.7,-3.0,1.8,0.0
2022-02-06,14.7,-1.5,5.2,0.0
2022-02-07,15.4,5.5,10.1,0.0
2022-02-08,15.5,1.4,9.0,0.0
2022-02-09,19.0,2.4,10.1,0.0
2022-02-10,19.8,4.0,11.8,0.0
2022-02-11,21.0,5.0,12.9,0.0
2022-02-12,17.6,8.2,12.8,1.2
2022-02-13,13.9,-0.2,6.2,0.0
2022-02-14,17.9,2.7,10.0,0.0
2022-02-15,21.7,8.1,13.5,0.1
2022-02-16,23.7,15.3,18.5,0.8
2022-02-17,25.5,19.0,21.2,6.9
2022-02-18,13.3,2.2,7.2,0.0
2022-02-19,16.6,4.0,9.3,0.0
2022-02-20,20.9,6.2,12.7,0.0
2022-02-21,25.3,15.2,19.6,1.2
2022-02-22,25.5,20.1,22.4,2.0
2022-02-23,23.1,8.8,14.6,2.9
2022-02-24,13.9,3.7,7.0,1.4
2022-02-25,8.8,2.6,4.8,2.7
2022-02-26,8.1,4.3,6.0,5.3
2022-02-27,14.8,4.9,7.5,1.4
2022-02-28,16.0,1.7,8.8,0.0
2022-03-01,19.1,2.1,10.8,0.0
2022-03-02,20.4,4.6,12.4,0.0
2022-03-03,23.0,10.5,16.1,0.0
2022-03-04,22.5,15.0,18.4,0.8
2022-03-05,25.9,17.3,20.6,2.7
2022-03-06,27.2,20.1,22.2,0.4
2022-03-07,22.3,11.2,17.5,3.1
2022-03-08,13.1,7.6,9.8,8.4
2022-03-09,14.2,4.2,8.6,0.2
2022-03-10,19.8,5.1,11.2,0.0
2022-03-11,17.9,13.0,15.0,1.4
2022-03-12,12.1,0.5,5.5,0.8
2022-03-13,16.5,0.8,8.7,0.0
2022-03-14,24.0,12.5,16.9,1.9
2022-03-15,21.6,13.0,17.6,8.9
2022-03-16,23.5,8.9,15.9,0.0
2022-03-17,24.7,12.2,17.7,0.7
2022-03-18,20.3,14.5,18.6,1.0
2022-03-19,21.6,8.7,14.9,0.0
2022-03-20,21.9,7.6,14.8,0.0
2022-03-21,24.7,16.3,19.9,7.2
2022-03-22,23.2,16.4,20.3,28.8
2022-03-23,18.6,8.2,13.5,0.0
2022-03-24,18.6,10.2,14.6,0.0
2022-03-25,25.3,8.9,15.6,0.0
2022-03-26,27.6,12.0,18.9,0.0
2022-03-27,27.3,15.7,20.5,0.0
2022-03-28,26.9,17.2,21.2,0.0
2022-03-29,27.3,19.3,22.6,0.3
2022-03-30,28.0,20.9,23.0,16.0
2022-03-31,23.7,10.3,17.3,0.0
2022-04-01,24.4,12.1,18.0,0.0
2022-04-02,28.0,15.5,20.3,0.6
2022-04-03,27.5,15.4,21.0,0.0
2022-04-04,26.9,17.6,21.5,4.7
2022-04-05,31.0,20.0,23.6,1.1
2022-04-06,27.0,21.0,23.6,0.5
2022-04-07,23.8,13.8,19.1,0.0
2022-04-08,23.9,10.9,17.3,0.0
2022-04-09,28.3,9.3,18.0,0.0
2022-04-10,27.4,18.1,21.7,0.0
2022-04-11,29.3,20.2,23.3,6.0
2022-04-12,29.2,21.5,24.1,1.5
2022-04-13,31.1,20.7,24.1,1.8
2022-04-14,26.4,15.6,21.5,0.7
2022-04-15,28.7,18.7,22.7,5.4
2022-04-16,30.2,22.7,25.3,2.0
2022-04-17,31.4,21.3,25.0,2.3
2022-04-18,27.9,18.0,22.9,0.6
2022-04-19,25.4,14.2,20.0,0.0
2022-04-20,28.4,20.8,23.5,2.9
2022-04-21,29.9,21.5,24.7,0.5
2022-04-22,29.1,21.9,24.6,1.2
2022-04-23,29.8,21.1,24.3,0.1
2022-04-24,30.9,21.1,24.9,0.4
2022-04-25,28.1,21.0,23.3,13.5
2022-04-26,26.1,17.3,20.2,4.2
2022-04-27,27.0,17.6,21.5,0.0
2022-04-28,28.7,18.2,22.8,0.2
2022-04-29,29.8,20.2,24.2,0.1
2022-04-30,29.7,22.2,25.1,2.0
2022-05-01,29.9,22.0,24.9,1.6
2022-05-02,31.1,22.7,26.0,0.2
2022-05-03,30.7,23.0,25.8,3.7
2022-05-04,31.3,23.9,26.5,1.7
2022-05-05,31.6,24.2,26.6,0.5
2022-05-06,34.1,19.6,25.4,16.1
2022-05-07,34.5,22.8,27.7,0.0
2022-05-08,34.3,24.2,28.5,0.0
2022-05-09,33.9,24.5,28.4,0.1
2022-05-10,32.8,25.1,28.3,0.0
2022-05-11,32.5,22.9,27.3,0.0
2022-05-12,33.2,20.5,26.3,0.0
2022-05-13,33.7,19.8,26.4,0.0
2022-05-14,33.7,22.1,27.0,0.2
2022-05-15,34.3,21.7,27.3,0.1
2022-05-16,35.5,22.2,28.2,0.0
2022-05-17,34.6,22.0,27.9,0.0
2022-05-18,34.9,23.3,28.2,0.0
2022-05-19,33.2,23.8,28.0,0.0
2022-05-20,33.9,24.8,28.5,0.0
2022-05-21,34.6,25.7,29.5,0.6
2022-05-22,29.7,20.8,24.7,14.6
2022-05-23,28.2,20.3,24.2,0.0
2022-05-24,27.4,21.9,24.0,6.5
2022-05-25,27.8,18.0,23.4,23.1
2022-05-26,31.6,16.0,23.7,0.0
2022-05-27,33.6,21.3,26.6,0.0
2022-05-28,34.0,20.1,26.9,0.0
2022-05-29,32.5,23.0,27.4,0.0
2022-05-30,31.9,24.8,27.7,1.8
2022-05-31,32.6,24.7,27.8,1.2
2022-06-01,31.9,24.0,27.5,1.7
2022-06-02,32.9,22.6,27.2,1.3
2022-06-03,33.8,21.7,27.0,2.0
2022-06-04,33.0,22.7,26.4,5.0
2022-06-05,32.7,22.0,26.6,1.2
2022-06-06,33.6,24.9,28.8,0.1
2022-06-07,34.1,25.2,28.9,0.0
2022-06-08,35.5,25.2,29.7,0.3
2022-06-09,35.7,25.4,29.5,1.7
2022-06-10,36.2,24.6,29.9,0.5
2022-06-11,37.2,25.5,30.6,0.0
2022-06-12,36.6,25.6,30.5,0.0
2022-06-13,36.3,26.0,30.4,0.0
2022-06-14,35.2,26.1,29.6,0.6
2022-06-15,36.5,26.0,30.1,1.3
2022-06-16,36.8,24.1,30.0,0.0
2022-06-17,34.2,24.8,29.2,0.5
2022-06-18,35.6,24.5,29.6,0.3
2022-06-19,37.3,24.4,30.4,0.0
2022-06-20,36.5,25.7,30.9,0.0
2022-06-21,35.8,24.1,29.9,1.3
2022-06-22,35.7,25.2,29.8,0.5
2022-06-23,37.2,25.4,30.2,0.2
2022-06-24,37.0,25.0,30.7,0.0
2022-06-25,36.9,24.4,30.4,0.0
2022-06-26,37.1,24.4,30.3,0.0
2022-06-27,36.3,25.2,30.0,1.4
2022-06-28,34.0,23.3,27.6,13.8
2022-06-29,31.7,23.3,26.6,8.9
2022-06-30,27.6,23.9,25.6,17.9
2022-07-01,30.0,23.3,26.1,5.0
2022-07-02,33.4,22.3,27.6,3.3
2022-07-03,34.0,25.3,29.1,0.3
2022-07-04,34.1,25.2,29.4,1.0
2022-07-05,35.9,25.1,30.0,0.0
2022-07-06,34.4,25.7,29.6,1.5
2022-07-07,35.6,25.6,29.6,0.4
2022-07-08,36.9,25.6,30.4,0.4
2022-07-09,38.6,26.7,31.9,0.0
2022-07-10,38.5,26.0,31.5,1.4
2022-07-11,39.1,25.8,32.1,0.5
2022-07-12,38.0,26.4,30.8,1.0
2022-07-13,36.5,26.5,30.6,0.2
2022-07-14,33.3,23.9,28.6,3.8
2022-07-15,34.1,24.4,27.6,6.2
2022-07-16,33.2,24.3,27.0,7.6
2022-07-17,35.1,24.7,29.5,0.7
2022-07-18,37.2,25.6,30.5,0.2
2022-07-19,37.3,26.6,31.0,0.0
2022-07-20,37.4,26.6,31.3,0.0
2022-07-21,36.7,26.2,30.9,0.3
2022-07-22,35.4,26.0,30.4,0.7
2022-07-23,33.1,25.0,28.2,2.8
2022-07-24,34.9,25.0,29.0,0.4
2022-07-25,34.9,25.4,29.5,0.2
2022-07-26,34.9,25.4,29.5,1.1
2022-07-27,33.2,26.1,29.1,3.3
2022-07-28,33.8,24.6,28.6,5.0
2022-07-29,33.4,25.5,28.3,2.8
2022-07-30,33.2,23.5,27.2,9.0
2022-07-31,35.3,25.2,30.0,0.1
2022-08-01,34.2,25.6,28.9,1.7
2022-08-02,35.7,26.1,29.3,3.0
2022-08-03,37.5,26.4,31.0,0.4
2022-08-04,37.8,26.8,31.2,0.1
2022-08-05,33.2,24.8,28.8,3.3
2022-08-06,30.5,24.5,26.8,2.8
2022-08-07,33.1,24.7,28.0,1.3
2022-08-08,33.0,24.7,28.6,1.5
2022-08-09,34.6,24.2,28.4,2.3
2022-08-10,35.4,25.2,29.7,0.8
2022-08-11,34.5,24.9,28.2,21.8
2022-08-12,31.6,23.8,26.8,71.7
2022-08-13,32.4,24.7,27.3,2.9
2022-08-14,32.3,24.8,27.6,3.3
2022-08-15,34.7,24.8,29.5,0.0
2022-08-16,35.2,24.4,29.4,0.9
2022-08-17,36.6,25.2,29.8,0.3
2022-08-18,36.2,25.5,29.1,14.1
2022-08-19,30.0,24.1,25.8,66.7
2022-08-20,30.5,24.3,26.4,6.6
2022-08-21,31.5,24.9,27.3,4.7
2022-08-22,32.4,25.2,27.6,1.2
2022-08-23,31.1,23.8,26.9,18.9
2022-08-24,29.3,24.2,26.1,25.1
2022-08-25,31.2,24.0,26.8,3.8
2022-08-26,31.3,23.6,26.5,3.0
2022-08-27,31.5,24.3,26.9,2.2
2022-08-28,32.1,24.8,28.0,0.5
2022-08-29,29.3,24.7,26.7,7.7
2022-08-30,29.9,22.9,26.0,35.8
2022-08-31,30.4,23.7,25.7,11.0
2022-09-01,30.1,23.5,25.8,2.9
2022-09-02,31.5,22.8,25.8,13.2
2022-09-03,28.5,23.2,25.2,17.0
2022-09-04,27.4,23.0,24.9,7.0
2022-09-05,29.2,21.5,24.9,0.1
2022-09-06,30.2,21.7,25.6,0.1
2022-09-07,31.2,21.5,26.3,0.4
2022-09-08,30.4,22.2,26.1,0.5
2022-09-09,29.5,21.3,25.0,2.4
2022-09-10,30.7,21.4,25.8,0.2
2022-09-11,31.9,22.0,26.7,0.0
2022-09-12,31.6,22.6,26.8,0.0
2022-09-13,31.2,21.5,26.3,0.0
2022-09-14,30.3,20.1,25.3,0.0
2022-09-15,30.3,22.5,25.8,4.0
2022-09-16,31.0,22.9,25.7,2.1
2022-09-17,32.9,22.8,26.8,1.4
2022-09-18,32.1,23.2,27.1,1.7
2022-09-19,32.7,23.5,27.3,1.8
2022-09-20,32.6,22.5,26.8,0.9
2022-09-21,33.6,22.3,27.9,0.0
2022-09-22,35.5,22.8,28.5,0.0
2022-09-23,35.5,23.8,29.2,0.0
2022-09-24,35.1,23.0,28.3,0.0
2022-09-25,34.4,23.0,28.3,0.0
2022-09-26,34.0,24.6,28.8,0.0
2022-09-27,30.6,18.1,25.3,0.0
2022-09-28,29.6,18.2,24.0,0.0
2022-09-29,28.7,18.2,23.0,0.0
2022-09-30,27.5,15.5,21.9,0.0
2022-10-01,28.1,14.6,20.9,0.0
2022-10-02,28.7,14.9,21.7,0.0
2022-10-03,29.7,16.9,22.6,0.0
2022-10-04,29.5,18.9,23.7,0.0
2022-10-05,29.9,16.7,23.2,0.0
2022-10-06,31.1,17.6,24.2,0.0
2022-10-07,29.6,18.6,24.5,0.0
2022-10-08,30.8,19.7,25.0,0.0
2022-10-09,30.3,19.1,24.7,0.0
2022-10-10,29.6,17.8,23.8,0.0
2022-10-11,29.2,19.4,23.9,0.1
2022-10-12,32.8,20.9,25.8,0.1
2022-10-13,29.9,20.9,25.4,8.1
2022-10-14,29.6,19.0,23.8,4.7
2022-10-15,31.9,20.2,25.0,0.0
2022-10-16,30.5,21.8,25.4,0.8
2022-10-17,26.1,18.2,21.8,10.9
2022-10-18,21.1,12.9,16.8,0.0
2022-10-19,18.6,7.7,13.6,0.0
2022-10-20,26.4,11.0,16.7,0.0
2022-10-21,29.5,16.3,21.6,0.0
2022-10-22,29.5,18.3,22.9,0.0
2022-10-23,29.2,21.7,24.8,0.0
2022-10-24,29.4,23.7,25.6,1.6
2022-10-25,25.2,15.3,20.5,19.5
2022-10-26,22.4,10.8,16.3,0.0
2022-10-27,24.5,11.2,17.0,0.0
2022-10-28,23.3,17.7,20.2,53.3
2022-10-29,20.9,13.3,16.8,0.7
2022-10-30,23.5,12.7,17.6,0.0
2022-10-31,24.7,12.4,18.3,0.0
2022-11-01,21.0,16.1,18.5,19.8
2022-11-02,23.9,15.6,18.7,0.5
2022-11-03,28.7,20.8,23.4,3.3
2022-11-04,28.9,22.2,24.6,2.3
2022-11-05,24.1,14.5,19.4,39.1
2022-11-06,27.9,15.9,20.8,2.3
2022-11-07,28.3,21.8,24.5,1.0
2022-11-08,27.8,20.5,23.5,0.1
2022-11-09,28.1,18.9,23.0,0.3
2022-11-10,26.5,18.9,22.5,0.1
2022-11-11,26.2,18.3,21.6,18.3
2022-11-12,17.6,6.6,11.0,6.9
2022-11-13,13.6,4.1,8.8,0.0
2022-11-14,20.5,9.6,13.5,3.2
2022-11-15,13.7,6.6,10.1,1.3
2022-11-16,13.3,5.0,8.2,0.0
2022-11-17,12.5,6.0,9.1,0.0
2022-11-18,12.7,9.5,11.1,0.0
2022-11-19,12.2,8.3,9.8,33.7
2022-11-20,12.1,5.3,8.1,0.7
2022-11-21,10.9,7.2,8.6,16.1
2022-11-22,13.2,7.6,9.1,12.3
2022-11-23,20.7,7.9,12.9,0.8
2022-11-24,23.2,15.0,19.2,8.4
2022-11-25,18.0,14.5,16.6,17.3
2022-11-26,19.0,14.1,16.2,73.1
2022-11-27,21.7,11.2,15.1,0.0
2022-11-28,22.2,8.8,15.0,0.0
2022-11-29,25.5,15.8,21.4,1.3
2022-11-30,23.8,10.6,16.8,0.0
2022-12-01,15.0,5.3,10.3,0.0
2022-12-02,25.9,12.7,18.4,0.9
2022-12-03,24.3,20.7,22.0,2.0
2022-12-04,21.0,15.2,17.6,0.7
2022-12-05,25.8,17.5,20.7,1.5
2022-12-06,26.6,20.1,22.9,0.5
2022-12-07,26.7,18.8,22.5,1.9
2022-12-08,26.1,19.9,22.6,1.1
2022-12-09,26.0,19.6,22.0,3.2
2022-12-10,26.1,19.0,21.7,2.6
2022-12-11,23.7,18.7,20.5,37.6
2022-12-12,21.8,17.2,19.1,2.0
2022-12-13,26.4,19.7,21.9,4.4
2022-12-14,22.5,16.9,19.2,9.5
2022-12-15,16.1,5.8,11.4,0.0
2022-12-16,21.4,8.0,12.5,0.7
2022-12-17,13.2,6.4,9.1,0.6
2022-12-18,12.1,2.8,7.5,0.0
2022-12-19,12.1,8.2,10.5,1.2
2022-12-20,15.3,8.4,10.9,0.7
2022-12-21,13.2,4.9,9.0,0.0
2022-12-22,15.9,5.7,9.8,0.0
2022-12-23,1.0,-8.0,-4.5,0.0
2022-12-24,3.8,-5.4,-1.9,0.0
2022-12-25,7.7,-3.4,1.2,0.0
2022-12-26,13.7,-0.5,5.6,0.0
2022-12-27,11.4,1.2,6.5,0.0
2022-12-28,24.1,5.1,12.3,0.0
2022-12-29,25.8,18.4,20.5,4.8
2022-12-30,21.6,14.8,17.7,44.0
2022-12-31,22.9,11.6,16.3,0.0
2023-01-01,26.2,14.9,19.4,0.3
2023-01-02,23.6,20.2,22.0,22.2
2023-01-03,24.6,17.4,21.3,22.6
2023-01-04,20.4,11.7,16.0,0.0
2023-01-05,20.5,8.1,14.1,0.0
2023-01-06,24.5,10.0,15.7,0.0
2023-01-07,24.0,17.1,19.7,3.0
2023-01-08,21.7,12.9,17.3,12.6
2023-01-09,19.6,9.7,14.0,0.0
2023-01-10,22.9,12.4,17.0,0.2
2023-01-11,25.8,17.2,20.3,0.2
2023-01-12,22.0,14.3,17.9,0.0
2023-01-13,15.1,6.7,11.0,0.0
2023-01-14,16.8,3.6,9.8,0.0
2023-01-15,22.7,10.6,15.3,0.0
2023-01-16,23.6,18.2,20.5,1.2
2023-01-17,24.7,16.0,19.3,0.2
2023-01-18,24.3,20.1,21.5,4.5
2023-01-19,19.6,10.9,15.4,0.0
2023-01-20,15.9,10.9,12.3,0.5
2023-01-21,13.3,10.2,11.5,9.4
2023-01-22,14.6,7.1,10.4,0.2
2023-01-23,13.5,2.6,8.5,0.0
2023-01-24,19.4,9.1,12.6,74.1
2023-01-25,12.1,4.9,8.6,0.0
2023-01-26,13.2,2.0,6.8,0.0
2023-01-27,13.9,2.0,7.9,0.0
2023-01-28,20.9,11.9,15.7,8.6
2023-01-29,21.0,17.8,19.3,58.2
2023-01-30,19.7,7.3,12.0,2.0
2023-01-31,7.7,3.2,5.3,5.6
2023-02-01,8.5,3.1,4.8,12.4
2023-02-02,6.6,4.0,4.8,11.8
2023-02-03,13.5,3.9,6.9,0.0
2023-02-04,17.0,3.0,8.6,0.0
2023-02-05,22.0,7.5,13.6,0.0
2023-02-06,23.1,13.7,17.3,0.1
2023-02-07,24.2,16.6,19.5,1.1
2023-02-08,23.9,13.9,19.1,9.8
2023-02-09,20.6,5.6,11.6,0.0
2023-02-10,16.7,8.2,11.7,0.0
2023-02-11,11.3,2.7,7.1,0.0
2023-02-12,16.6,2.9,8.8,0.0
2023-02-13,21.7,5.1,12.5,0.0
2023-02-14,25.0,14.9,19.6,2.7
2023-02-15,25.1,16.6,20.2,2.2
2023-02-16,22.6,11.8,18.0,4.7
2023-02-17,12.2,2.9,7.4,0.0
2023-02-18,13.2,2.3,7.3,0.0
2023-02-19,22.1,7.9,13.1,0.0
2023-02-20,25.1,15.9,19.5,1.4
2023-02-21,26.6,18.7,21.6,0.7
2023-02-22,27.1,20.1,22.4,3.0
2023-02-23,28.3,20.7,23.2,0.0
2023-02-24,27.0,20.0,22.4,0.8
2023-02-25,27.1,18.8,22.1,0.4
2023-02-26,26.7,19.5,22.4,1.1
2023-02-27,25.8,20.7,22.6,0.5
2023-02-28,28.3,15.6,20.6,0.4
2023-03-01,28.3,21.0,23.8,0.1
2023-03-02,27.0,22.3,24.0,2.1
2023-03-03,23.0,12.5,18.3,4.5
2023-03-04,24.2,8.9,15.8,0.0
2023-03-05,24.9,11.1,17.6,0.0
2023-03-06,27.2,14.6,20.3,4.1
2023-03-07,28.5,20.2,23.3,0.8
2023-03-08,29.2,19.3,23.5,0.2
2023-03-09,29.1,19.9,23.4,0.1
2023-03-10,25.8,20.0,22.2,0.3
2023-03-11,28.8,19.6,23.2,0.6
2023-03-12,26.3,21.2,23.6,0.0
2023-03-13,20.7,12.7,16.4,0.0
2023-03-14,19.1,10.9,15.0,1.5
2023-03-15,21.7,9.2,15.1,0.0
2023-03-16,24.7,16.8,20.3,4.7
2023-03-17,21.7,7.8,14.0,35.0
2023-03-18,12.7,8.2,10.4,0.8
2023-03-19,13.5,5.8,9.6,0.0
2023-03-20,13.8,5.0,9.3,0.0
2023-03-21,23.1,11.9,17.2,1.5
2023-03-22,26.6,19.5,22.1,2.0
2023-03-23,28.1,20.0,23.2,0.3
2023-03-24,28.4,21.7,23.7,3.7
2023-03-25,26.9,18.2,22.4,1.2
2023-03-26,24.7,14.4,19.4,16.8
2023-03-27,26.3,19.5,22.2,1.3
2023-03-28,24.4,18.4,20.9,9.0
2023-03-29,21.5,13.9,16.3,20.0
2023-03-30,25.5,16.2,20.0,1.5
2023-03-31,28.7,20.8,24.0,2.7
2023-04-01,29.0,19.2,24.0,0.8
2023-04-02,27.7,17.7,22.2,2.1
2023-04-03,30.7,21.6,25.0,0.2
2023-04-04,29.2,21.6,25.1,0.1
2023-04-05,28.4,20.0,23.9,24.7
2023-04-06,19.6,13.9,16.8,19.6
2023-04-07,19.5,13.8,16.0,21.2
2023-04-08,21.5,12.1,14.9,2.8
2023-04-09,22.9,15.1,18.6,0.3
2023-04-10,20.8,15.8,18.6,1.4
2023-04-11,23.2,14.1,18.7,0.3
2023-04-12,23.5,13.2,18.1,0.4
2023-04-13,24.6,12.3,18.1,0.1
2023-04-14,26.5,15.1,20.8,0.0
2023-04-15,28.6,20.1,22.9,5.7
2023-04-16,22.9,14.1,19.2,3.5
2023-04-17,23.7,11.1,17.4,0.0
2023-04-18,24.8,14.9,19.2,0.3
2023-04-19,27.8,19.0,22.6,0.2
2023-04-20,27.0,20.9,22.8,18.7
2023-04-21,26.4,18.4,22.1,18.2
2023-04-22,24.5,15.2,20.4,0.0
2023-04-23,21.8,15.3,17.2,17.3
2023-04-24,22.6,12.8,16.4,0.0
2023-04-25,25.2,15.3,19.5,8.0
2023-04-26,26.1,19.2,21.5,8.1
2023-04-27,25.9,17.4,21.0,10.9
2023-04-28,28.0,14.3,21.1,0.0
2023-04-29,24.4,13.9,18.4,18.2
2023-04-30,28.3,11.0,18.7,0.0
2023-05-01,28.9,14.4,21.4,0.0
2023-05-02,27.1,16.8,22.0,0.0
2023-05-03,28.4,16.6,22.2,0.0
2023-05-04,30.1,17.6,22.9,1.3
2023-05-05,32.1,22.3,26.1,2.0
2023-05-06,32.0,22.8,26.5,0.1
2023-05-07,28.2,23.4,25.1,6.9
2023-05-08,25.1,22.5,23.7,18.2
2023-05-09,25.1,21.8,22.9,29.3
2023-05-10,24.2,19.8,21.7,40.7
2023-05-11,28.7,20.5,23.1,8.1
2023-05-12,28.7,22.3,25.4,2.5
2023-05-13,26.4,20.7,23.2,6.3
2023-05-14,28.2,20.7,23.1,25.5
2023-05-15,27.7,20.1,22.4,20.2
2023-05-16,28.7,18.9,22.7,7.3
2023-05-17,28.8,19.2,23.2,0.9
2023-05-18,29.5,19.5,24.3,0.0
2023-05-19,30.9,21.0,25.7,0.0
2023-05-20,30.3,21.9,25.6,4.5
2023-05-21,26.6,20.4,23.3,0.3
2023-05-22,28.1,20.8,23.8,0.0
2023-05-23,28.9,19.5,23.8,1.7
2023-05-24,29.8,18.9,23.8,0.2
2023-05-25,29.9,20.1,24.5,0.2
2023-05-26,31.2,19.4,25.3,0.0
2023-05-27,30.3,20.0,25.2,0.9
2023-05-28,29.9,19.1,24.8,0.1
2023-05-29,28.1,20.6,24.0,1.3
2023-05-30,29.2,19.7,24.5,2.5
2023-05-31,30.5,20.1,25.0,1.5
2023-06-01,31.1,20.4,25.6,0.9
2023-06-02,31.2,21.5,26.0,0.9
2023-06-03,32.2,21.9,26.4,0.5
2023-06-04,31.8,21.5,25.8,0.1
2023-06-05,27.3,20.9,23.7,5.8
2023-06-06,29.2,20.5,24.0,0.4
2023-06-07,30.9,20.4,25.0,0.0
2023-06-08,31.2,21.1,24.9,31.2
2023-06-09,33.1,20.8,26.2,0.1
2023-06-10,33.6,23.4,27.9,1.8
2023-06-11,34.8,22.9,27.8,13.7
2023-06-12,34.9,23.1,29.0,0.0
2023-06-13,34.9,23.6,28.9,0.0
2023-06-14,35.1,26.3,29.8,0.0
2023-06-15,37.4,26.8,30.9,0.0
2023-06-16,37.4,26.0,30.7,0.2
2023-06-17,37.6,25.1,30.4,0.0
2023-06-18,37.7,25.9,30.9,0.6
2023-06-19,38.4,26.1,31.3,0.0
2023-06-20,39.2,26.7,31.8,0.0
2023-06-21,35.2,25.6,30.4,0.6
2023-06-22,37.3,25.2,29.9,8.1
2023-06-23,34.2,26.2,30.5,1.2
2023-06-24,37.4,26.5,31.4,0.0
2023-06-25,38.0,27.1,31.6,0.0
2023-06-26,38.0,26.1,31.3,0.0
2023-06-27,38.1,25.8,31.1,0.0
2023-06-28,37.2,25.4,30.8,0.0
2023-06-29,37.0,26.4,31.1,0.0
2023-06-30,37.1,26.5,31.0,0.1
2023-07-01,37.5,26.1,31.0,0.0
2023-07-02,34.5,25.8,30.0,1.1
2023-07-03,34.1,24.0,28.6,1.5
2023-07-04,34.7,25.4,29.7,1.6
2023-07-05,33.5,25.9,28.7,7.5
2023-07-06,30.6,24.1,27.5,20.5
2023-07-07,30.4,24.4,26.8,5.2
2023-07-08,33.8,24.6,28.0,1.3
2023-07-09,34.7,25.9,29.4,0.9
2023-07-10,35.4,25.8,30.1,0.2
2023-07-11,36.6,26.2,30.8,0.4
2023-07-12,38.0,26.7,31.4,0.2
2023-07-13,38.1,26.9,31.6,0.0
2023-07-14,38.0,26.7,31.5,0.0
2023-07-15,38.7,26.3,31.6,0.1
2023-07-16,38.2,25.7,31.4,0.0
2023-07-17,37.4,26.2,31.5,0.0
2023-07-18,38.1,26.2,31.6,0.0
2023-07-19,38.4,26.2,31.6,0.0
2023-07-20,38.1,25.9,31.2,0.0
2023-07-21,35.9,25.8,30.6,0.4
2023-07-22,37.0,27.1,30.8,0.0
2023-07-23,36.2,23.5,30.1,8.4
2023-07-24,35.8,25.6,29.6,1.3
2023-07-25,34.7,25.3,29.6,1.7
2023-07-26,35.2,25.4,30.3,0.8
2023-07-27,34.8,25.0,29.4,1.2
2023-07-28,34.9,24.5,29.8,0.2
2023-07-29,35.4,25.5,30.0,0.4
2023-07-30,36.4,25.9,30.4,0.0
2023-07-31,37.6,26.4,31.5,0.0
2023-08-01,36.4,25.9,31.1,1.4
2023-08-02,37.3,25.7,31.4,0.0
2023-08-03,37.5,26.8,31.2,0.3
2023-08-04,38.4,26.9,31.6,0.3
2023-08-05,38.6,27.3,32.1,0.0
2023-08-06,38.7,27.3,32.2,0.0
2023-08-07,38.6,27.7,32.3,0.0
2023-08-08,39.1,27.8,32.3,0.1
2023-08-09,38.7,27.9,32.2,0.1
2023-08-10,38.7,28.0,32.3,0.0
2023-08-11,39.2,28.1,32.5,0.0
2023-08-12,39.4,28.4,32.6,0.0
2023-08-13,39.4,26.5,32.0,0.2
2023-08-14,39.5,27.1,32.2,0.0
2023-08-15,38.9,28.5,32.8,0.0
2023-08-16,37.6,27.2,32.1,0.4
2023-08-17,39.3,25.0,31.6,0.0
2023-08-18,38.9,26.7,32.0,0.0
2023-08-19,39.4,25.8,31.7,0.0
2023-08-20,39.5,27.2,32.5,0.5
2023-08-21,38.1,28.1,33.0,0.0
2023-08-22,35.4,26.0,31.2,2.3
2023-08-23,37.9,26.9,31.7,0.0
2023-08-24,39.9,27.1,32.8,0.0
2023-08-25,38.0,27.1,32.1,0.0
2023-08-26,39.2,26.3,31.8,0.0
2023-08-27,41.4,26.3,32.8,0.0
2023-08-28,37.6,26.7,31.5,0.6
2023-08-29,36.8,27.3,31.6,0.0
2023-08-30,37.5,24.7,30.9,0.0
2023-08-31,36.5,24.4,31.0,0.0
2023-09-01,36.8,25.3,30.6,0.0
2023-09-02,36.0,25.0,30.3,2.3
2023-09-03,35.8,26.4,30.7,0.5
2023-09-04,35.4,23.4,29.9,0.6
2023-09-05,36.5,26.6,30.7,0.4
2023-09-06,37.2,26.4,31.0,0.3
2023-09-07,38.3,26.9,31.7,0.0
2023-09-08,39.7,27.1,31.8,0.0
2023-09-09,37.1,25.0,30.3,0.1
2023-09-10,35.2,25.3,29.1,1.7
2023-09-11,35.0,22.5,28.4,0.0
2023-09-12,35.6,24.4,29.7,0.0
2023-09-13,33.8,26.1,29.8,0.0
2023-09-14,30.6,23.7,26.6,27.6
2023-09-15,31.2,22.9,26.1,4.9
2023-09-16,31.0,23.2,26.2,2.2
2023-09-17,31.6,22.9,26.8,0.4
2023-09-18,32.7,21.6,27.1,0.0
2023-09-19,32.8,21.7,27.1,0.0
2023-09-20,34.6,22.9,28.4,0.0
2023-09-21,35.2,25.0,29.2,0.3
2023-09-22,35.2,25.0,29.6,0.2
2023-09-23,36.0,25.2,29.7,0.7
2023-09-24,37.0,25.7,30.1,0.0
2023-09-25,32.9,25.0,28.0,3.2
2023-09-26,31.9,23.6,26.8,2.1
2023-09-27,32.2,23.1,26.7,0.0
2023-09-28,32.4,23.3,26.8,2.5
2023-09-29,32.6,23.8,27.6,0.8
2023-09-30,34.4,23.9,28.6,1.2
2023-10-01,34.6,24.1,28.6,0.0
2023-10-02,33.9,23.3,28.1,0.0
2023-10-03,28.4,23.4,26.3,18.6
2023-10-04,30.1,24.0,26.1,10.6
2023-10-05,25.8,22.9,24.5,32.4
2023-10-06,28.9,20.6,24.1,0.0
2023-10-07,26.1,19.7,22.7,0.0
2023-10-08,23.2,14.3,19.2,0.0
2023-10-09,27.5,15.2,20.3,0.0
2023-10-10,25.9,18.9,21.8,0.5
2023-10-11,23.4,19.5,20.8,32.7
2023-10-12,26.2,17.4,21.0,0.0
2023-10-13,29.2,20.7,24.0,1.3
2023-10-14,26.2,18.2,22.4,0.7
2023-10-15,21.8,14.2,18.3,0.0
2023-10-16,20.1,12.2,16.5,0.0
2023-10-17,21.9,8.8,15.4,0.0
2023-10-18,28.1,12.8,18.9,0.0
2023-10-19,29.6,16.9,22.6,0.0
2023-10-20,31.7,16.1,23.2,0.0
2023-10-21,32.5,17.5,24.0,0.0
2023-10-22,30.4,20.9,25.0,0.6
2023-10-23,29.9,22.1,25.4,4.0
2023-10-24,30.3,23.9,26.1,0.0
2023-10-25,30.4,22.9,25.6,0.8
2023-10-26,29.6,22.6,24.8,10.9
2023-10-27,29.9,23.0,25.3,2.7
2023-10-28,29.6,23.1,25.7,1.4
2023-10-29,29.5,22.5,25.2,1.5
2023-10-30,23.6,8.7,11.9,4.2
2023-10-31,14.2,8.2,9.9,3.0
2023-11-01,14.8,5.3,10.2,0.0
2023-11-02,18.3,4.7,10.6,0.0
2023-11-03,23.1,9.5,15.8,0.0
2023-11-04,25.7,14.0,18.9,0.1
2023-11-05,26.8,16.8,21.1,0.3
2023-11-06,27.6,18.3,22.4,0.0
2023-11-07,29.2,19.0,23.0,0.0
2023-11-08,29.3,20.6,24.2,0.1
2023-11-09,27.0,19.7,23.0,4.8
2023-11-10,23.1,16.7,19.1,30.0
2023-11-11,18.0,13.5,15.1,0.1
2023-11-12,18.5,15.1,16.2,4.8
2023-11-13,17.9,15.1,16.4,56.6
2023-11-14,20.4,13.6,16.7,0.7
2023-11-15,22.3,12.8,17.9,0.0
2023-11-16,19.4,15.0,17.0,0.2
2023-11-17,23.6,12.2,17.5,0.0
2023-11-18,23.3,17.4,19.6,0.0
2023-11-19,23.0,12.6,17.3,0.8
2023-11-20,26.9,18.9,21.4,7.2
2023-11-21,22.1,13.7,16.7,0.9
2023-11-22,14.4,7.0,11.4,0.0
2023-11-23,12.7,7.3,10.1,1.4
2023-11-24,18.4,8.2,12.6,0.0
2023-11-25,18.5,8.4,12.6,0.0
2023-11-26,16.2,12.9,14.3,4.7
2023-11-27,13.5,5.4,9.1,0.0
2023-11-28,15.1,8.7,11.1,0.0
2023-11-29,19.5,6.7,11.9,0.0
2023-11-30,22.8,16.1,18.5,7.8
2023-12-01,21.3,18.1,19.8,2.6
2023-12-02,20.2,15.0,17.7,10.0
2023-12-03,21.3,9.7,15.3,0.0
2023-12-04,20.0,11.1,15.5,0.0
2023-12-05,20.2,8.3,13.2,0.0
2023-12-06,18.0,9.0,13.4,0.0
2023-12-07,21.3,8.4,13.3,0.0
2023-12-08,24.2,16.2,19.6,1.9
2023-12-09,25.7,20.7,22.4,4.6
2023-12-10,21.1,8.5,13.2,5.5
2023-12-11,16.4,2.3,8.4,0.0
2023-12-12,18.8,8.7,12.3,0.0
2023-12-13,14.8,10.6,12.6,0.0
2023-12-14,19.8,10.8,14.0,0.9
2023-12-15,20.3,14.1,16.6,0.2
2023-12-16,17.6,11.4,14.9,14.6
2023-12-17,17.5,5.3,11.3,0.0
2023-12-18,19.8,6.9,12.1,0.0
2023-12-19,17.2,6.8,11.8,0.0
2023-12-20,20.5,12.0,14.9,0.4
2023-12-21,21.4,13.9,16.6,0.3
2023-12-22,23.0,15.0,17.6,2.9
2023-12-23,22.7,15.7,18.3,0.9
2023-12-24,21.1,17.3,18.7,61.2
2023-12-25,18.0,8.2,12.7,0.0
2023-12-26,14.3,5.8,9.7,0.0
2023-12-27,17.5,7.3,11.4,0.0
2023-12-28,12.8,4.1,8.9,0.0
2023-12-29,12.1,2.8,7.5,0.0
2023-12-30,17.2,1.9,8.9,0.0
2023-12-31,21.9,6.0,12.4,0.0
2024-01-01,17.4,13.5,15.9,4.2
2024-01-02,14.8,5.5,10.1,0.5
2024-01-03,14.0,6.8,10.4,42.3
2024-01-04,14.8,4.9,9.5,0.0
2024-01-05,17.5,9.9,13.3,55.2
2024-01-06,16.3,5.5,10.4,0.0
2024-01-07,16.2,5.4,10.5,0.0
2024-01-08,24.2,11.0,16.4,17.6
2024-01-09,14.3,6.1,10.3,5.4
2024-01-10,20.2,3.1,9.5,0.0
2024-01-11,23.6,12.9,16.6,0.8
2024-01-12,20.7,9.3,15.9,1.5
2024-01-13,17.0,2.2,8.2,0.0
2024-01-14,14.0,4.2,8.7,0.0
2024-01-15,6.6,-1.2,1.0,2.9
2024-01-16,1.0,-7.2,-3.4,0.0
2024-01-17,9.1,-6.4,-0.9,0.0
2024-01-18,20.6,5.4,11.9,0.0
2024-01-19,16.1,6.5,9.9,0.0
2024-01-20,7.6,-0.8,3.5,0.0
2024-01-21,6.5,2.3,4.5,0.3
2024-01-22,18.8,5.1,13.5,36.7
2024-01-23,21.5,16.3,18.2,32.6
2024-01-24,20.1,16.3,18.1,87.7
2024-01-25,21.7,14.3,17.4,43.1
2024-01-26,19.8,10.5,14.4,1.6
2024-01-27,16.6,12.4,14.6,2.0
2024-01-28,15.8,5.3,9.8,0.0
2024-01-29,18.3,3.3,10.7,0.0
2024-01-30,20.4,8.0,12.8,0.0
2024-01-31,21.6,8.0,13.7,0.0
2024-02-01,21.6,9.8,15.1,0.0
2024-02-02,22.8,13.2,16.8,1.9
2024-02-03,21.5,14.9,17.6,28.0
2024-02-04,20.1,11.3,15.0,0.0
2024-02-05,18.6,11.8,14.2,0.0
2024-02-06,19.2,7.4,13.0,0.0
2024-02-07,21.2,7.9,14.1,0.0
2024-02-08,21.9,16.9,19.2,0.8
2024-02-09,24.7,16.8,19.9,0.6
2024-02-10,23.7,17.4,19.8,6.4
2024-02-11,22.7,18.8,20.3,2.9
2024-02-12,18.6,6.5,11.0,0.7
2024-02-13,17.1,5.2,10.6,0.0
2024-02-14,18.3,5.9,11.8,0.0
2024-02-15,22.1,12.1,16.5,0.5
2024-02-16,20.8,16.3,17.9,8.6
2024-02-17,18.8,7.5,11.9,0.2
2024-02-18,11.8,2.3,6.5,0.0
2024-02-19,16.9,4.0,8.9,0.0
2024-02-20,23.3,8.4,14.4,0.0
2024-02-21,24.5,14.0,18.0,0.0
2024-02-22,24.4,16.8,19.8,0.2
2024-02-23,22.5,14.5,18.5,0.0
2024-02-24,23.8,8.8,16.7,0.0
2024-02-25,24.7,12.5,17.8,0.0
2024-02-26,26.9,17.6,20.6,0.0
2024-02-27,27.1,19.7,22.4,0.0
2024-02-28,23.5,17.2,20.0,0.6
2024-02-29,15.9,10.2,12.1,3.3
2024-03-01,20.5,9.6,13.2,2.2
2024-03-02,21.9,11.9,16.4,0.1
2024-03-03,25.9,14.9,19.1,0.9
2024-03-04,25.5,18.7,21.1,2.4
2024-03-05,28.0,18.2,22.5,0.9
2024-03-06,25.7,16.9,20.0,0.7
2024-03-07,26.2,16.5,20.5,0.0
2024-03-08,27.6,20.2,22.3,9.0
2024-03-09,24.7,10.0,16.0,0.0
2024-03-10,19.0,8.3,13.4,0.0
2024-03-11,22.3,11.0,15.8,0.2
2024-03-12,24.4,12.7,17.8,0.0
2024-03-13,27.9,17.2,21.3,0.5
2024-03-14,27.6,20.4,23.5,0.6
2024-03-15,28.0,20.0,22.6,22.9
2024-03-16,24.7,19.3,21.0,3.0
2024-03-17,25.6,18.9,21.5,1.6
2024-03-18,22.6,14.0,17.7,13.4
2024-03-19,17.6,7.4,13.1,0.0
2024-03-20,20.3,10.2,15.2,0.6
2024-03-21,22.0,15.7,18.2,21.1
2024-03-22,24.3,15.8,19.5,17.6
2024-03-23,23.7,12.4,17.6,0.0
2024-03-24,23.7,14.9,18.9,0.3
2024-03-25,25.2,19.8,21.3,2.2
2024-03-26,21.8,10.8,15.7,0.5
2024-03-27,17.8,9.8,13.9,0.3
2024-03-28,22.8,9.0,15.6,0.1
2024-03-29,23.8,14.0,18.3,0.0
2024-03-30,25.6,15.5,20.0,0.0
2024-03-31,27.3,17.9,22.0,1.4
2024-04-01,28.3,21.3,24.1,0.0
2024-04-02,25.7,20.2,23.2,1.9
2024-04-03,23.4,11.0,17.3,0.0
2024-04-04,27.2,10.5,18.7,0.0
2024-04-05,29.5,14.5,20.7,0.0
2024-04-06,25.9,16.8,20.9,0.0
2024-04-07,27.2,20.2,23.2,2.2
2024-04-08,25.7,21.1,22.6,20.0
2024-04-09,27.2,21.8,23.6,20.1
2024-04-10,26.2,18.8,20.8,36.5
2024-04-11,25.4,14.7,19.4,0.0
2024-04-12,24.9,11.8,18.6,0.0
2024-04-13,26.3,14.1,19.5,0.0
2024-04-14,27.6,17.6,21.7,0.0
2024-04-15,26.7,19.4,22.5,0.1
2024-04-16,28.2,21.2,24.0,0.3
2024-04-17,28.2,21.9,24.7,0.1
2024-04-18,30.0,22.1,25.1,0.2
2024-04-19,28.4,21.5,24.3,3.8
2024-04-20,27.5,22.1,23.7,10.2
2024-04-21,23.3,13.0,17.5,12.9
2024-04-22,20.8,11.5,16.5,0.0
2024-04-23,25.2,12.9,18.3,0.0
2024-04-24,27.7,18.5,22.3,0.1
2024-04-25,28.0,19.5,23.3,1.2
2024-04-26,27.9,22.0,24.5,0.2
2024-04-27,28.5,22.5,25.1,2.0
2024-04-28,27.9,22.4,24.7,5.8
2024-04-29,29.7,19.6,22.9,76.2
2024-04-30,29.1,18.2,23.0,1.4
2024-05-01,25.7,20.7,22.9,22.3
2024-05-02,25.3,22.2,23.4,41.1
2024-05-03,26.1,20.7,23.3,29.4
2024-05-04,28.3,21.1,24.4,0.4
2024-05-05,26.1,21.6,23.5,17.2
2024-05-06,29.3,22.3,25.2,1.4
2024-05-07,31.0,24.3,26.8,2.3
2024-05-08,31.4,24.0,27.1,0.3
2024-05-09,30.6,24.2,27.0,0.5
2024-05-10,30.7,22.9,26.4,0.0
2024-05-11,28.7,20.8,24.1,0.3
2024-05-12,27.8,21.5,23.9,39.7
2024-05-13,29.3,22.3,25.4,12.0
2024-05-14,29.1,18.1,23.7,1.3
2024-05-15,30.8,18.3,24.2,0.0
2024-05-16,28.6,21.4,24.4,31.8
2024-05-17,25.7,16.8,21.6,2.7
2024-05-18,31.1,19.8,24.3,2.4
2024-05-19,30.8,20.0,25.7,0.0
2024-05-20,30.9,21.5,25.8,0.0
2024-05-21,31.3,24.8,27.6,0.7
2024-05-22,31.2,25.3,27.9,0.5
2024-05-23,31.6,25.2,27.8,0.2
2024-05-24,32.7,25.0,28.1,0.2
2024-05-25,33.3,25.5,28.7,0.0
2024-05-26,33.7,26.2,29.1,0.2
2024-05-27,34.9,24.8,29.1,0.1
2024-05-28,32.0,23.5,27.5,17.6
2024-05-29,30.0,22.4,24.7,5.6
2024-05-30,31.1,22.6,25.4,25.3
2024-05-31,28.9,21.5,24.1,36.6
2024-06-01,29.8,21.3,25.5,15.8
2024-06-02,31.1,23.4,26.1,1.5
2024-06-03,31.8,25.7,28.3,1.4
2024-06-04,32.5,22.7,27.9,3.1
2024-06-05,31.3,22.4,27.4,12.1
2024-06-06,32.5,23.0,27.5,0.0
2024-06-07,33.0,22.1,27.6,0.0
2024-06-08,32.7,23.1,28.1,0.0
2024-06-09,31.9,23.9,27.7,1.6
2024-06-10,31.8,23.9,27.5,1.1
2024-06-11,32.0,23.3,27.2,1.2
2024-06-12,31.8,23.5,26.7,3.2
2024-06-13,32.4,23.5,27.0,2.5
2024-06-14,33.7,23.0,28.3,0.0
2024-06-15,32.4,23.8,28.3,1.1
2024-06-16,33.3,24.1,28.5,0.9
2024-06-17,31.0,25.3,28.2,11.7
2024-06-18,31.5,25.3,28.0,1.3
2024-06-19,29.8,23.2,25.5,24.9
2024-06-20,30.7,24.8,27.0,5.5
2024-06-21,30.7,24.3,27.2,2.2
2024-06-22,32.3,24.0,27.7,0.1
2024-06-23,32.7,23.1,27.5,0.2
2024-06-24,32.7,24.8,28.6,0.4
2024-06-25,33.1,24.9,28.7,0.7
2024-06-26,32.8,25.6,28.9,0.5
2024-06-27,34.2,25.2,29.0,0.7
2024-06-28,32.7,25.9,28.9,1.6
2024-06-29,34.6,26.2,29.7,2.4
2024-06-30,34.5,25.7,29.8,0.2
2024-07-01,35.5,25.1,30.2,0.0
2024-07-02,35.0,26.0,30.2,0.1
2024-07-03,35.1,25.7,30.3,0.5
2024-07-04,35.9,27.0,30.7,0.1
2024-07-05,35.2,25.6,30.2,0.0
2024-07-06,33.9,25.9,29.3,6.6
2024-07-07,29.8,25.8,27.1,7.2
2024-07-08,29.9,23.4,25.8,94.4
2024-07-09,32.2,23.1,27.0,0.2
2024-07-10,32.1,23.9,27.2,1.4
2024-07-11,30.9,23.3,26.0,9.5
2024-07-12,30.4,23.8,26.2,4.6
2024-07-13,29.6,23.9,26.0,9.7
2024-07-14,30.6,23.5,26.0,9.7
2024-07-15,32.1,24.7,27.6,0.3
2024-07-16,32.3,23.9,27.5,0.9
2024-07-17,32.4,24.9,27.9,1.1
2024-07-18,30.3,22.7,26.8,12.3
2024-07-19,31.1,22.7,26.8,8.9
2024-07-20,30.8,23.7,27.1,1.7
2024-07-21,30.6,23.5,26.5,3.9
2024-07-22,29.8,23.4,26.3,2.9
2024-07-23,29.2,23.3,25.9,17.2
2024-07-24,29.2,23.1,25.3,44.9
2024-07-25,27.3,23.0,24.5,48.7
2024-07-26,26.5,21.6,23.7,72.1
2024-07-27,27.9,23.2,24.5,39.7
2024-07-28,31.6,23.0,26.2,18.0
2024-07-29,31.9,25.0,28.0,0.6
2024-07-30,32.7,25.5,28.8,0.2
2024-07-31,33.1,25.4,28.9,0.0
2024-08-01,32.6,23.3,28.1,1.2
2024-08-02,33.2,24.0,28.7,0.0
2024-08-03,33.8,25.6,29.0,0.1
2024-08-04,33.3,23.3,28.0,15.8
2024-08-05,33.0,24.8,29.0,0.5
2024-08-06,33.4,24.3,28.7,0.0
2024-08-07,34.3,25.0,29.6,0.1
2024-08-08,34.3,25.1,29.6,0.0
2024-08-09,33.4,25.8,29.7,0.3
2024-08-10,33.7,25.4,29.1,2.6
2024-08-11,33.7,24.3,29.0,0.0
2024-08-12,33.4,24.7,28.9,2.1
2024-08-13,32.8,25.0,28.2,1.6
2024-08-14,33.2,25.2,28.7,1.8
2024-08-15,33.4,25.3,28.9,0.8
2024-08-16,33.2,25.0,29.3,0.3
2024-08-17,33.5,25.5,29.6,0.3
2024-08-18,34.5,25.4,29.5,0.1
2024-08-19,35.4,25.8,30.3,0.0
2024-08-20,36.0,26.4,30.6,0.0
2024-08-21,35.0,25.1,30.6,0.0
2024-08-22,33.7,25.3,28.0,5.9
2024-08-23,31.8,24.4,28.2,18.3
2024-08-24,32.2,24.1,28.2,0.9
2024-08-25,33.3,23.7,28.4,0.2
2024-08-26,29.4,24.3,26.4,6.1
2024-08-27,30.3,23.4,26.2,1.5
2024-08-28,30.4,24.3,26.8,8.4
2024-08-29,29.4,24.4,26.4,1.5
2024-08-30,28.4,23.2,25.4,3.0
2024-08-31,30.1,23.8,26.3,2.3
2024-09-01,29.9,24.0,26.2,6.9
2024-09-02,29.6,24.3,25.9,14.5
2024-09-03,30.6,24.5,26.7,6.0
2024-09-04,29.2,23.9,26.2,15.8
2024-09-05,28.9,23.6,25.9,43.9
2024-09-06,29.5,24.0,25.7,11.2
2024-09-07,29.9,21.7,25.2,0.1
2024-09-08,28.2,20.6,24.4,0.0
2024-09-09,29.2,19.5,23.9,0.0
2024-09-10,30.3,22.4,25.8,1.1
2024-09-11,30.6,22.8,25.5,8.6
2024-09-12,30.6,20.4,24.9,0.5
2024-09-13,32.5,19.8,25.7,0.1
2024-09-14,33.2,24.4,28.2,0.0
2024-09-15,32.1,25.0,28.1,0.1
2024-09-16,32.5,23.7,27.5,3.9
2024-09-17,32.1,22.4,27.2,0.3
2024-09-18,32.1,23.4,27.7,2.0
2024-09-19,32.5,23.3,28.1,0.9
2024-09-20,33.0,24.2,28.3,0.0
2024-09-21,32.2,23.8,27.8,1.2
2024-09-22,31.2,24.2,27.7,1.1
2024-09-23,31.2,23.2,27.4,1.1
2024-09-24,32.1,23.7,27.4,0.0
2024-09-25,33.7,23.2,28.2,0.3
2024-09-26,30.9,23.0,26.3,0.6
2024-09-27,31.4,18.6,24.7,0.0
2024-09-28,32.5,18.4,25.4,0.0
2024-09-29,32.3,17.6,25.5,0.0
2024-09-30,31.8,19.5,25.5,0.0
2024-10-01,33.6,20.3,26.5,0.0
2024-10-02,31.5,21.8,26.8,0.0
2024-10-03,31.6,21.0,26.1,0.0
2024-10-04,31.4,23.2,26.5,0.3
2024-10-05,30.9,22.7,26.4,0.1
2024-10-06,32.8,22.7,27.1,0.0
2024-10-07,32.5,22.0,27.3,0.0
2024-10-08,31.4,21.4,26.0,0.0
2024-10-09,31.5,16.4,23.3,0.0
2024-10-10,31.4,17.9,24.3,0.0
2024-10-11,30.9,16.9,23.7,0.0
2024-10-12,31.1,18.1,23.9,0.0
2024-10-13,33.4,20.3,25.7,0.0
2024-10-14,35.6,21.4,26.7,0.0
2024-10-15,34.7,18.8,26.7,0.0
2024-10-16,29.1,15.8,21.8,0.0
2024-10-17,22.8,11.0,16.8,0.0
2024-10-18,26.5,15.2,19.2,0.0
2024-10-19,27.8,16.9,21.4,0.0
2024-10-20,27.3,16.6,21.6,0.0
2024-10-21,27.8,15.0,20.9,0.0
2024-10-22,28.9,16.9,22.0,0.0
2024-10-23,29.7,17.9,23.4,0.0
2024-10-24,29.4,17.0,22.8,0.0
2024-10-25,30.7,19.5,24.2,0.0
2024-10-26,30.4,19.9,24.5,0.2
2024-10-27,30.1,19.2,24.3,0.0
2024-10-28,30.3,19.5,24.2,0.0
2024-10-29,30.1,22.7,25.6,0.1
2024-10-30,28.7,23.4,24.9,3.9
2024-10-31,27.3,21.7,24.2,19.3
2024-11-01,27.8,22.3,24.0,0.4
2024-11-02,27.8,21.1,23.6,4.6
2024-11-03,28.3,22.8,24.6,6.4
2024-11-04,28.5,24.0,25.5,3.7
2024-11-05,25.3,18.5,23.5,44.3
2024-11-06,28.0,17.2,21.4,0.0
2024-11-07,29.3,23.0,25.2,0.9
2024-11-08,26.4,22.3,24.0,10.3
2024-11-09,26.3,18.4,22.5,3.5
2024-11-10,28.3,21.7,24.0,1.9
2024-11-11,27.5,18.0,22.5,0.0
2024-11-12,24.1,15.4,20.1,0.0
2024-11-13,26.9,14.9,20.2,0.0
2024-11-14,23.6,13.1,18.7,0.0
2024-11-15,21.6,9.5,15.9,0.0
2024-11-16,26.0,14.7,18.8,0.0
2024-11-17,26.9,21.5,23.3,21.4
2024-11-18,27.6,23.1,24.5,12.0
2024-11-19,24.3,12.9,18.8,0.5
2024-11-20,20.0,13.6,17.0,0.0
2024-11-21,18.9,5.9,12.9,0.0
2024-11-22,20.8,8.0,13.9,0.0
2024-11-23,22.4,9.1,15.4,0.0
2024-11-24,26.4,15.6,19.6,0.0
2024-11-25,28.3,18.2,22.7,0.0
2024-11-26,24.7,9.2,14.8,0.0
2024-11-27,27.7,14.5,18.7,0.0
2024-11-28,23.5,14.8,18.6,0.1
2024-11-29,14.8,7.6,11.4,0.0
2024-11-30,15.5,5.8,10.3,0.0
2024-12-01,19.1,12.5,14.9,0.1
2024-12-02,17.8,7.9,13.1,0.0
2024-12-03,17.5,8.2,12.7,0.6
2024-12-04,23.3,13.8,17.1,30.6
2024-12-05,20.2,16.1,17.6,7.2
2024-12-06,16.2,6.1,10.9,0.0
2024-12-07,11.5,7.4,9.1,18.4
2024-12-08,15.5,10.3,13.4,17.6
2024-12-09,24.8,14.1,17.6,0.0
2024-12-10,21.4,12.4,16.6,0.0
2024-12-11,14.0,3.2,8.9,0.0
2024-12-12,17.4,2.9,10.1,0.0
2024-12-13,19.5,12.2,15.6,2.8
2024-12-14,24.7,17.5,20.3,8.8
2024-12-15,25.7,18.6,21.3,0.7
2024-12-16,25.8,18.3,21.3,0.6
2024-12-17,25.0,17.7,20.8,0.2
2024-12-18,21.7,16.5,19.3,1.1
2024-12-19,17.1,8.5,13.1,0.0
2024-12-20,17.8,9.3,13.5,0.0
2024-12-21,14.5,5.2,10.1,0.0
2024-12-22,17.4,5.2,10.3,0.0
2024-12-23,22.0,12.6,16.0,0.0
2024-12-24,23.7,16.2,18.8,2.9
2024-12-25,20.9,14.7,17.7,33.0
2024-12-26,19.9,17.0,18.2,72.9
2024-12-27,23.8,11.1,17.9,0.1
2024-12-28,23.9,18.6,20.5,21.2
2024-12-29,20.2,11.6,15.4,0.0
2024-12-30,24.9,12.8,17.0,0.0
2024-12-31,21.0,14.0,17.4,0.0
2025-01-01,15.3,7.9,11.7,0.0
2025-01-02,15.2,9.4,12.1,0.5
2025-01-03,20.3,14.0,15.9,2.4
2025-01-04,22.6,14.6,17.6,1.9
2025-01-05,23.9,16.0,20.5,27.5
2025-01-06,13.7,-0.7,4.0,0.0
2025-01-07,7.6,-0.9,3.2,0.0
2025-01-08,6.5,2.4,4.0,0.0
2025-01-09,8.6,4.3,5.7,4.1
2025-01-10,7.5,3.0,4.8,41.8
2025-01-11,11.6,0.0,5.1,0.0
2025-01-12,12.8,5.8,8.6,1.6
2025-01-13,14.0,6.2,10.0,0.0
2025-01-14,11.4,4.6,8.3,0.0
2025-01-15,11.5,8.3,9.7,18.7
2025-01-16,15.6,5.0,10.3,0.2
2025-01-17,19.4,6.9,11.8,0.2
2025-01-18,18.9,13.5,16.1,0.0
2025-01-19,12.5,-0.4,4.9,0.0
2025-01-20,3.0,-2.4,0.7,0.0
2025-01-21,2.5,-2.3,-0.4,12.2
2025-01-22,3.8,-8.6,-2.6,0.0
2025-01-23,11.6,-0.1,3.7,0.0
2025-01-24,11.8,-0.1,5.8,0.0
2025-01-25,16.8,4.7,9.2,0.1
2025-01-26,18.8,12.4,15.8,44.4
2025-01-27,18.5,11.7,13.9,8.5
2025-01-28,16.8,11.1,13.3,0.0
2025-01-29,22.9,13.7,16.8,5.6
2025-01-30,22.3,19.0,20.5,6.9
2025-01-31,18.8,13.4,15.9,0.0
2025-02-01,20.3,5.5,13.4,0.0
2025-02-02,23.2,8.8,15.0,0.0
2025-02-03,26.0,15.9,19.8,0.5
2025-02-04,26.6,19.8,22.3,0.5
2025-02-05,25.6,19.1,21.6,1.6
2025-02-06,26.6,19.2,22.1,0.4
2025-02-07,26.8,20.0,22.5,0.4
2025-02-08,27.3,19.7,22.7,0.0
2025-02-09,25.9,20.5,22.6,0.9
2025-02-10,23.4,16.1,19.1,1.9
2025-02-11,20.0,16.7,18.5,29.3
2025-02-12,22.4,16.4,18.4,17.8
2025-02-13,16.4,5.9,9.3,0.8
2025-02-14,14.0,6.8,9.5,2.5
2025-02-15,24.9,12.0,19.3,3.5
2025-02-16,19.4,5.2,11.4,0.0
2025-02-17,16.5,3.9,8.9,0.0
2025-02-18,17.6,11.9,14.5,1.1
2025-02-19,17.1,0.8,7.8,12.0
2025-02-20,5.8,-3.1,0.2,0.0
2025-02-21,5.1,0.2,2.3,0.0
2025-02-22,6.1,2.7,4.2,6.4
2025-02-23,12.4,5.6,8.0,4.2
2025-02-24,18.0,6.9,11.1,0.0
2025-02-25,21.8,9.9,14.1,0.0
2025-02-26,24.5,12.3,17.3,0.0
2025-02-27,21.2,14.7,18.3,0.0
2025-02-28,21.9,10.8,16.2,0.0
2025-03-01,24.9,11.3,16.9,0.0
2025-03-02,22.1,14.0,17.9,0.0
2025-03-03,24.8,17.0,19.7,6.7
2025-03-04,23.7,18.5,21.6,17.2
2025-03-05,20.3,10.9,15.8,0.0
2025-03-06,18.6,7.6,13.5,0.0
2025-03-07,25.6,14.2,18.6,0.1
2025-03-08,28.3,19.2,22.5,2.4
2025-03-09,26.3,10.7,14.3,1.4
2025-03-10,20.6,6.7,13.0,0.0
2025-03-11,24.1,9.4,16.0,0.0
2025-03-12,27.3,15.0,19.6,0.3
2025-03-13,30.6,17.4,22.5,0.0
2025-03-14,28.0,18.7,22.7,1.2
2025-03-15,27.4,19.2,23.0,3.2
2025-03-16,24.4,11.7,19.2,0.0
2025-03-17,25.8,10.2,18.4,0.0
2025-03-18,25.9,15.7,20.2,0.0
2025-03-19,27.5,19.4,22.6,0.9
2025-03-20,24.9,9.6,16.2,0.0
2025-03-21,22.8,8.8,16.3,0.0
2025-03-22,26.1,13.8,19.1,0.0
2025-03-23,28.1,18.3,22.4,1.2
2025-03-24,29.7,17.9,23.6,1.5
2025-03-25,31.9,16.7,23.4,0.0
2025-03-26,26.7,18.5,22.0,2.9
2025-03-27,21.4,17.9,19.6,33.4
2025-03-28,23.5,18.8,20.6,17.1
2025-03-29,27.8,18.3,21.7,2.4
2025-03-30,28.0,20.9,23.7,1.2
2025-03-31,26.7,22.4,23.8,0.7
2025-04-01,27.9,18.9,23.2,1.0
2025-04-02,29.8,22.8,25.3,0.0
2025-04-03,30.1,23.5,26.3,0.7
2025-04-04,30.1,23.8,26.3,1.0
2025-04-05,27.9,21.9,24.3,25.5
2025-04-06,22.1,9.8,13.7,0.9
2025-04-07,17.9,7.5,11.6,0.0
2025-04-08,20.8,8.7,14.5,0.0
2025-04-09,25.1,12.1,17.5,0.0
2025-04-10,28.5,15.2,20.6,0.0
2025-04-11,30.6,16.6,22.4,0.0
2025-04-12,29.7,16.1,23.0,0.0
2025-04-13,30.2,18.0,23.2,0.0
2025-04-14,30.4,19.3,23.9,0.0
2025-04-15,28.3,17.9,22.9,0.0
2025-04-16,28.7,17.8,23.0,0.0
2025-04-17,29.4,19.4,23.7,0.0
2025-04-18,30.6,21.7,25.2,0.1
2025-04-19,28.9,21.8,24.8,2.2
2025-04-20,28.4,22.5,24.7,4.8
2025-04-21,27.4,19.7,22.7,15.0
2025-04-22,26.5,20.7,23.4,3.8
2025-04-23,24.8,20.2,22.3,18.8
2025-04-24,28.4,20.3,23.6,0.4
2025-04-25,28.0,20.3,23.1,10.4
2025-04-26,28.4,19.5,24.1,0.0
2025-04-27,29.9,21.6,24.8,0.5
2025-04-28,29.3,22.3,25.2,0.2
2025-04-29,27.9,21.6,24.8,0.4
2025-04-30,29.3,22.6,25.2,1.8
2025-05-01,28.7,20.4,24.7,3.7
2025-05-02,27.7,20.8,23.7,12.1
2025-05-03,25.3,18.5,21.3,3.7
2025-05-04,25.5,15.1,20.1,0.0
2025-05-05,24.8,17.2,20.6,9.2
2025-05-06,27.6,19.7,22.9,22.3
2025-05-07,28.7,20.0,23.0,16.2
2025-05-08,27.4,19.3,23.0,7.5
2025-05-09,26.9,18.6,22.2,9.6
2025-05-10,25.7,17.8,21.7,0.4
2025-05-11,24.7,16.7,20.7,0.0
2025-05-12,28.8,15.2,21.0,0.0
2025-05-13,32.6,20.5,25.4,0.0
2025-05-14,33.5,23.5,27.3,0.0
2025-05-15,34.1,24.0,27.9,0.0
2025-05-16,34.5,25.8,29.1,0.6
2025-05-17,34.7,24.8,28.7,0.2
2025-05-18,33.4,25.5,28.5,0.3
2025-05-19,32.8,25.1,28.4,0.4
2025-05-20,33.6,25.6,28.4,5.2
2025-05-21,30.9,21.6,27.1,25.6
2025-05-22,31.7,23.9,26.8,0.3
2025-05-23,31.9,24.7,27.1,2.4
2025-05-24,31.4,24.9,27.5,1.8
2025-05-25,33.0,25.4,28.2,1.6
2025-05-26,31.8,24.3,26.7,19.8
2025-05-27,30.3,20.0,24.9,33.2
2025-05-28,28.4,22.1,24.3,27.2
2025-05-29,30.8,21.6,25.6,0.4
2025-05-30,29.2,23.5,25.7,4.3
2025-05-31,30.4,23.0,26.3,0.1
2025-06-01,31.3,22.3,26.0,0.6
2025-06-02,31.8,23.1,27.1,1.4
2025-06-03,30.3,24.3,27.1,0.8
2025-06-04,32.3,24.8,27.6,2.3
2025-06-05,32.1,24.2,27.7,1.9
2025-06-06,32.7,24.9,28.5,0.6
2025-06-07,35.4,25.6,29.6,0.1
2025-06-08,35.8,25.7,30.0,0.2
2025-06-09,33.0,23.0,28.4,7.0
2025-06-10,30.7,24.9,27.5,8.4
2025-06-11,29.4,23.2,26.5,18.5
2025-06-12,27.6,22.3,24.2,38.5
2025-06-13,29.4,23.6,26.1,3.4
2025-06-14,30.4,22.1,26.1,12.7
2025-06-15,29.7,25.4,26.9,6.4
2025-06-16,30.1,23.1,25.5,14.6
2025-06-17,31.4,23.9,27.2,1.2
2025-06-18,31.0,25.6,27.6,9.6
2025-06-19,32.2,25.2,28.3,1.6
2025-06-20,31.9,24.8,28.2,1.2
2025-06-21,33.6,25.5,29.0,0.1
2025-06-22,30.7,25.8,28.1,4.7
2025-06-23,33.3,25.4,28.6,1.3
2025-06-24,32.2,24.8,28.0,2.7
2025-06-25,29.2,23.5,25.9,7.0
2025-06-26,31.4,23.9,26.4,10.0
2025-06-27,31.3,23.6,26.8,2.3
2025-06-28,31.7,24.1,28.0,0.2
2025-06-29,30.2,25.1,27.3,4.6
2025-06-30,32.4,24.6,27.6,3.4
2025-07-01,33.1,23.8,27.8,0.2
2025-07-02,34.2,24.5,28.9,0.0
2025-07-03,32.7,24.9,28.7,0.4
2025-07-04,32.7,25.9,28.3,2.1
2025-07-05,32.2,25.7,28.4,2.7
2025-07-06,34.3,24.5,29.0,0.8
2025-07-07,31.9,24.6,27.8,6.2
2025-07-08,31.7,24.5,27.2,11.2
2025-07-09,30.1,23.4,25.6,15.0
2025-07-10,32.7,24.6,27.5,1.9
2025-07-11,31.1,25.1,27.9,3.8
2025-07-12,31.7,23.8,26.9,11.2
2025-07-13,31.9,25.2,27.8,1.6
2025-07-14,31.3,24.9,27.7,7.0
2025-07-15,32.7,25.1,28.4,0.7
2025-07-16,34.9,25.3,29.3,0.0
2025-07-17,33.1,24.1,28.5,0.0
2025-07-18,32.8,25.9,28.4,0.4
2025-07-19,35.1,25.6,29.1,2.2
2025-07-20,35.1,26.3,30.0,1.6
2025-07-21,36.7,26.0,30.5,0.0
2025-07-22,36.4,26.1,30.5,0.1
2025-07-23,36.8,25.6,30.4,0.1
2025-07-24,37.5,25.3,30.7,0.0
2025-07-25,36.3,25.3,28.5,15.7
2025-07-26,30.6,24.1,26.6,10.9
2025-07-27,30.8,25.8,28.1,4.6
2025-07-28,34.0,25.0,28.8,0.0
2025-07-29,35.7,24.3,29.3,0.0
2025-07-30,36.4,24.9,30.2,0.0
2025-07-31,35.5,25.9,29.5,1.1
2025-08-01,31.2,24.9,27.9,2.2
2025-08-02,34.9,26.1,29.2,3.4
2025-08-03,33.3,24.1,28.1,5.8
2025-08-04,32.1,25.3,27.8,11.3
2025-08-05,32.8,24.7,27.8,12.5
2025-08-06,34.1,24.6,28.3,1.3
2025-08-07,34.4,25.4,29.1,0.7
2025-08-08,35.4,25.5,29.1,2.3
2025-08-09,34.0,25.9,29.4,4.0
2025-08-10,33.1,25.2,28.8,3.6
2025-08-11,33.0,23.8,28.4,3.6
2025-08-12,34.9,25.6,29.4,2.0
2025-08-13,35.0,24.9,29.7,0.9
2025-08-14,35.4,25.3,29.6,2.3
2025-08-15,31.6,26.8,29.2,6.3
2025-08-16,33.8,26.6,29.1,2.3
2025-08-17,35.6,25.7,29.7,0.1
2025-08-18,38.1,26.3,31.3,0.0
2025-08-19,33.8,26.0,28.9,8.2
2025-08-20,35.6,25.3,29.3,0.5
2025-08-21,34.2,25.3,28.6,3.7
2025-08-22,29.9,24.3,26.1,17.3
2025-08-23,31.3,23.6,26.7,3.1
2025-08-24,33.3,24.2,28.2,0.0
2025-08-25,33.6,24.3,28.7,0.0
2025-08-26,34.0,25.0,28.9,2.2
2025-08-27,32.1,24.6,27.7,6.9
2025-08-28,33.3,25.1,28.5,1.1
2025-08-29,34.6,26.0,29.5,0.0
2025-08-30,33.6,25.3,28.7,1.6
2025-08-31,31.3,23.2,27.0,17.1
2025-09-01,30.0,23.9,26.4,9.5
2025-09-02,31.8,23.6,26.5,1.0
2025-09-03,34.0,23.9,28.0,0.1
2025-09-04,34.8,23.9,28.5,0.0
2025-09-05,35.1,25.2,29.4,0.0
2025-09-06,31.0,25.9,28.1,1.0
2025-09-07,30.0,23.3,25.8,19.7
2025-09-08,28.7,21.2,24.8,0.9
2025-09-09,29.2,19.0,24.0,0.0
2025-09-10,31.9,19.6,25.0,0.0
2025-09-11,31.2,23.9,27.2,1.2
2025-09-12,32.0,22.9,27.1,0.0
2025-09-13,32.6,22.2,27.0,0.0
2025-09-14,32.2,22.8,27.1,0.0
2025-09-15,32.0,23.4,27.1,0.0
2025-09-16,32.7,22.5,27.1,0.0
2025-09-17,33.1,22.9,27.4,0.2
2025-09-18,31.6,23.4,27.0,0.3
2025-09-19,31.2,23.4,27.1,0.2
2025-09-20,31.6,23.0,26.9,0.7
2025-09-21,31.5,23.7,26.8,6.6
2025-09-22,31.8,24.5,27.2,2.8
2025-09-23,33.6,24.5,27.7,1.0
2025-09-24,32.5,25.5,27.7,18.8
2025-09-25,31.8,22.8,26.3,6.0
2025-09-26,30.9,21.5,25.9,0.0
2025-09-27,31.7,20.7,25.4,0.0
2025-09-28,31.4,19.9,26.0,0.0
2025-09-29,32.4,19.9,26.4,0.0
2025-09-30,33.9,24.1,28.4,0.0
2025-10-01,34.0,22.6,28.2,0.2
2025-10-02,33.7,22.9,27.7,0.1
2025-10-03,32.0,23.5,27.6,0.6
2025-10-04,30.9,21.2,26.0,0.0
2025-10-05,32.1,21.7,26.4,0.1
2025-10-06,32.2,23.0,26.8,1.5
2025-10-07,33.8,23.1,27.2,0.8
2025-10-08,33.7,24.1,28.1,0.5
2025-10-09,32.9,23.0,27.7,0.0
2025-10-10,32.8,20.6,27.0,0.0
2025-10-11,32.0,18.9,26.2,0.0
2025-10-12,31.0,19.2,24.5,0.0
2025-10-13,31.3,18.9,24.5,0.0
2025-10-14,32.1,19.2,24.8,0.0
2025-10-15,31.4,19.3,25.3,0.0
2025-10-16,30.9,19.4,24.5,0.2
2025-10-17,31.3,22.0,26.1,2.3
2025-10-18,33.9,23.8,27.6,0.2
2025-10-19,32.1,23.2,27.0,0.0
2025-10-20,32.0,17.6,24.5,0.0
2025-10-21,33.5,23.1,26.6,2.8
2025-10-22,28.1,19.2,23.8,0.3
2025-10-23,29.7,19.2,23.5,0.3
2025-10-24,29.3,21.9,24.7,0.1
2025-10-25,26.7,19.0,22.8,57.1
2025-10-26,26.2,18.5,21.7,23.2
2025-10-27,28.3,17.6,22.1,0.0
2025-10-28,30.0,20.7,23.9,7.2
2025-10-29,24.0,12.6,17.2,0.1
2025-10-30,18.8,10.3,14.2,0.0
