date,precip_mm_sum
2019-01-01,0.0
2019-01-02,0.0
2019-01-03,0.6850070847880363
2019-01-04,2.775396781548133
2019-01-05,0.0
2019-01-06,0.0
2019-01-07,0.029456758996383357
2019-01-08,0.02472011825283442
2019-01-09,0.0
2019-01-10,0.0
2019-01-11,0.0
2019-01-12,3.5438008546341275
2019-01-13,0.0
2019-01-14,0.0
2019-01-15,0.021056421992026182
2019-01-16,0.03235854689878116
2019-01-17,0.809303112678762
2019-01-18,0.0
2019-01-19,0.0
2019-01-20,0.0
2019-01-21,0.0
2019-01-22,6.114177064140015
2019-01-23,0.0
2019-01-24,0.0
2019-01-25,0.0
2019-01-26,0.0
2019-01-27,0.0
2019-01-28,0.0
2019-01-29,0.0
2019-01-30,9.243205996426838
2019-01-31,2.659034260252672
2019-02-01,1.3084685639579468
2019-02-02,0.024616671960821578
2019-02-03,4.654228926239371
2019-02-04,0.0
2019-02-05,0.15621399853896611
2019-02-06,0.0
2019-02-07,0.7206890065585668
2019-02-08,1.0481145774373626
2019-02-09,5.3513755079900855
2019-02-10,0.29175812119269345
2019-02-11,3.154157404894485
2019-02-12,0.2755392359172306
2019-02-13,0.0
2019-02-14,6.169679910929135
2019-02-15,0.0
2019-02-16,7.102975462742592
2019-02-17,0.024630637373820624
2019-02-18,0.0
2019-02-19,1.425938237469722
2019-02-20,1.5588065057153555
2019-02-21,17.509118979163784
2019-02-22,0.0
2019-02-23,0.0
2019-02-24,0.0
2019-02-25,0.0
2019-02-26,0.0
2019-02-27,0.0
2019-02-28,3.889292623968619
2019-03-01,0.48106888759997074
2019-03-02,4.42019308985424
2019-03-03,1.6797188822608071
2019-03-04,0.0
2019-03-05,0.0
2019-03-06,0.0
2019-03-07,0.0
2019-03-08,1.2818647011854578
2019-03-09,0.0
2019-03-10,9.157139430860715
2019-03-11,9.335683723788387
2019-03-12,0.820239118102605
2019-03-13,0.0
2019-03-14,0.0
2019-03-15,0.0
2019-03-16,0.35901014020180166
2019-03-17,2.316154469059824
2019-03-18,0.0654362774815386
2019-03-19,0.0
2019-03-20,0.0
2019-03-21,0.0
2019-03-22,0.0
2019-03-23,0.0
2019-03-24,0.03311679521483899
2019-03-25,6.088400433628358
2019-03-26,0.0
2019-03-27,0.029959309392709174
2019-03-28,0.0
2019-03-29,1.9407548093038298
2019-03-30,6.176986870925081
2019-03-31,0.0
2019-04-01,0.0
2019-04-02,0.0
2019-04-03,0.0
2019-04-04,6.673111571332489
2019-04-05,0.0
2019-04-06,0.0
2019-04-07,1.027394355940849
2019-04-08,1.589311530722267
2019-04-09,2.164202596996974
2019-04-10,0.0
2019-04-11,3.212037547942131
2019-04-12,0.0
2019-04-13,0.7616683539678776
2019-04-14,0.0
2019-04-15,0.6306569133164089
2019-04-16,0.0
2019-04-17,3.9111055606592586
2019-04-18,1.4653157783105306
2019-04-19,0.0
2019-04-20,0.0
2019-04-21,0.9790174532048177
2019-04-22,6.380704675103219
2019-04-23,1.1972000490630443
2019-04-24,1.1665037009883559
2019-04-25,0.23550905942940098
2019-04-26,0.0
2019-04-27,0.0
2019-04-28,0.0
2019-04-29,6.556424749976838
2019-04-30,16.530809964576946
2019-05-01,0.0
2019-05-02,0.0
2019-05-03,0.0
2019-05-04,0.0
2019-05-05,0.05030823687969877
2019-05-06,0.788990672621482
2019-05-07,0.0
2019-05-08,0.0
2019-05-09,0.0
2019-05-10,2.9012988402984976
2019-05-11,0.16194346069348578
2019-05-12,0.0
2019-05-13,0.0
2019-05-14,0.0
2019-05-15,0.0
2019-05-16,0.0
2019-05-17,0.0
2019-05-18,0.0
2019-05-19,0.0
2019-05-20,0.005048052834298059
2019-05-21,0.23551759124092625
2019-05-22,1.675599032914054
2019-05-23,9.22709575497306
2019-05-24,7.312238429585067
2019-05-25,17.58184692151202
2019-05-26,10.843576988506104
2019-05-27,2.871313430681852
2019-05-28,17.179609401778347
2019-05-29,4.604851459901522
2019-05-30,0.9245224027138288
2019-05-31,0.0
2019-06-01,1.7031281505826736
2019-06-02,0.0
2019-06-03,0.0
2019-06-04,0.0
2019-06-05,0.16483450512151343
2019-06-06,0.0
2019-06-07,0.0
2019-06-08,0.0
2019-06-09,0.6415250127792544
2019-06-10,0.0
2019-06-11,1.4227961755939749
2019-06-12,0.015708699439223043
2019-06-13,0.07181786207233345
2019-06-14,0.07666919541839921
2019-06-15,0.05559033077166985
2019-06-16,0.0
2019-06-17,0.0
2019-06-18,0.0
2019-06-19,0.0
2019-06-20,0.0
2019-06-21,3.536888530549221
2019-06-22,0.0
2019-06-23,0.0
2019-06-24,0.08370003776003795
2019-06-25,0.0
2019-06-26,0.0
2019-06-27,0.10670310834522728
2019-06-28,0.0
2019-06-29,0.24293747297702806
2019-06-30,0.0
2019-07-01,0.0
2019-07-02,0.0
2019-07-03,0.0
2019-07-04,0.0
2019-07-05,0.0
2019-07-06,0.0
2019-07-07,0.0
2019-07-08,1.5902244946422452
2019-07-09,4.03438966916256
2019-07-10,12.151819249201372
2019-07-11,1.6276701884989546
2019-07-12,0.0
2019-07-13,0.0
2019-07-14,0.0
2019-07-15,0.4465741715739314
2019-07-16,0.7518520431204411
2019-07-17,0.0
2019-07-18,0.6329413593750625
2019-07-19,0.0
2019-07-20,0.0
2019-07-21,0.19871040947801383
2019-07-22,0.0
2019-07-23,0.0
2019-07-24,1.464561981992663
2019-07-25,0.0
2019-07-26,0.09124238357919429
2019-07-27,0.0
2019-07-28,0.7429837515544454
2019-07-29,2.3008348576309925
2019-07-30,0.6823558315246987
2019-07-31,2.8913327897342023
2019-08-01,3.98240328934118
2019-08-02,0.4412847142878964
2019-08-03,0.0
2019-08-04,10.07899224661721
2019-08-05,0.0
2019-08-06,0.0
2019-08-07,0.32707602568112343
2019-08-08,0.0
2019-08-09,0.0
2019-08-10,0.0
2019-08-11,0.0
2019-08-12,0.0
2019-08-13,0.0
2019-08-14,0.014060563783689311
2019-08-15,0.0
2019-08-16,14.681280577999493
2019-08-17,1.7030929759770685
2019-08-18,2.032764266857266
2019-08-19,1.6468451162281936
2019-08-20,4.210990086027944
2019-08-21,0.0
2019-08-22,1.4789976083259924
2019-08-23,0.03621855422007783
2019-08-24,0.0
2019-08-25,0.0
2019-08-26,0.0
2019-08-27,0.0
2019-08-28,0.0
2019-08-29,1.1472519310335585
2019-08-30,0.8424180883980671
2019-08-31,0.0
2019-09-01,0.07253696118956966
2019-09-02,0.12213855740759365
2019-09-03,0.0
2019-09-04,0.36989968837370546
2019-09-05,0.39070091753161185
2019-09-06,0.0
2019-09-07,2.384878404771779
2019-09-08,13.11736025739141
2019-09-09,5.102212718978121
2019-09-10,13.482088685674679
2019-09-11,1.2125941599371513
2019-09-12,0.0
2019-09-13,0.0
2019-09-14,0.0
2019-09-15,0.0
2019-09-16,0.47393123665093884
2019-09-17,0.0
2019-09-18,9.998958829434198
2019-09-19,0.2664332718380291
2019-09-20,0.4357702412599244
2019-09-21,1.8846607646936564
2019-09-22,4.1695167188139735
2019-09-23,10.18545053809396
2019-09-24,14.786179442675696
2019-09-25,24.998574649203697
2019-09-26,12.523499157958275
2019-09-27,18.24932005312252
2019-09-28,1.039883897012001
2019-09-29,4.240229656398673
2019-09-30,3.230597862734012
2019-10-01,21.47811793788415
2019-10-02,13.798246465641533
2019-10-03,7.60562230671443
2019-10-04,29.975343615743174
2019-10-05,16.546571929904875
2019-10-06,12.13179323615392
2019-10-07,0.1555732880962161
2019-10-08,0.0
2019-10-09,8.058950569462143
2019-10-10,3.2058725119589733
2019-10-11,1.2320439080120398
2019-10-12,1.8245351734640953
2019-10-13,0.0
2019-10-14,21.576841031211984
2019-10-15,0.0
2019-10-16,0.6733988197838954
2019-10-17,0.0
2019-10-18,0.0
2019-10-19,0.0
2019-10-20,0.0
2019-10-21,19.166881622992555
2019-10-22,3.007289043447332
2019-10-23,2.183482640715047
2019-10-24,7.027500415728949
2019-10-25,12.009606565349621
2019-10-26,7.893591747380592
2019-10-27,0.0
2019-10-28,0.0
2019-10-29,2.2943342465799508
2019-10-30,1.8717210496590737
2019-10-31,0.0
2019-11-01,4.342588747747809
2019-11-02,14.510368800351475
2019-11-03,0.0
2019-11-04,0.0
2019-11-05,0.0
2019-11-06,0.0
2019-11-07,0.2965005914226934
2019-11-08,0.0
2019-11-09,0.0
2019-11-10,19.416366857274582
2019-11-11,11.216727605910227
2019-11-12,19.67135152806549
2019-11-13,9.991030248398088
2019-11-14,11.006111392709041
2019-11-15,3.876399725300912
2019-11-16,0.0
2019-11-17,27.87753747483348
2019-11-18,0.0
2019-11-19,0.5899131356850782
2019-11-20,0.5522301650374921
2019-11-21,0.0
2019-11-22,0.0
2019-11-23,0.0
2019-11-24,0.0
2019-11-25,0.0
2019-11-26,0.4264501664225161
2019-11-27,0.0
2019-11-28,0.0
2019-11-29,0.0
2019-11-30,0.0
2019-12-01,0.0
2019-12-02,0.0
2019-12-03,0.0
2019-12-04,0.0
2019-12-05,0.0
2019-12-06,15.378290443273565
2019-12-07,0.0
2019-12-08,0.0
2019-12-09,0.0
2019-12-10,0.0
2019-12-11,0.0
2019-12-12,0.0
2019-12-13,0.0
2019-12-14,0.0
2019-12-15,0.0
2019-12-16,11.937471952532224
2019-12-17,0.0
2019-12-18,0.0
2019-12-19,0.0
2019-12-20,0.0
2019-12-21,0.0
2019-12-22,0.9789044254066163
2019-12-23,0.0
2019-12-24,21.634172737917904
2019-12-25,23.126620693520923
2019-12-26,0.0
2019-12-27,0.0
2019-12-28,0.0
2019-12-29,0.0
2019-12-30,0.0
2019-12-31,0.0
2020-01-01,0.0
2020-01-02,6.577935010180257
2020-01-03,1.3434862396240976
2020-01-04,0.0
2020-01-05,0.0
2020-01-06,0.032373974284004854
2020-01-07,1.0475024290338568
2020-01-08,0.0
2020-01-09,1.6813552318034308
2020-01-10,0.025195848104166314
2020-01-11,0.0
2020-01-12,0.0
2020-01-13,0.4171017607846997
2020-01-14,1.6074174668237997
2020-01-15,6.5173874572870645
2020-01-16,6.024931987095687
2020-01-17,0.0
2020-01-18,0.0
2020-01-19,0.15171607894607483
2020-01-20,3.636217212528295
2020-01-21,1.5974348073070268
2020-01-22,5.263762888858662
2020-01-23,0.031312431139899975
2020-01-24,0.0
2020-01-25,0.5359245164040503
2020-01-26,19.96643786648307
2020-01-27,0.0
2020-01-28,0.0
2020-01-29,0.0
2020-01-30,0.0
2020-01-31,0.023928749620560116
2020-02-01,0.0
2020-02-02,0.0
2020-02-03,5.1182751918603495
2020-02-04,0.0
2020-02-05,0.0
2020-02-06,0.0
2020-02-07,0.0
2020-02-08,0.0344372362598389
2020-02-09,0.0
2020-02-10,0.0
2020-02-11,1.3827294545870241
2020-02-12,0.7480603105061561
2020-02-13,0.0
2020-02-14,0.0
2020-02-15,0.0
2020-02-16,0.029908874418033558
2020-02-17,0.0
2020-02-18,2.806752118645164
2020-02-19,0.0
2020-02-20,0.0
2020-02-21,0.0
2020-02-22,0.0
2020-02-23,0.0
2020-02-24,3.6235954932982475
2020-02-25,5.1636566104346135
2020-02-26,0.0
2020-02-27,0.0
2020-02-28,0.0
2020-02-29,0.5148315337210554
2020-03-01,2.778574102606391
2020-03-02,0.0
2020-03-03,0.0
2020-03-04,0.0
2020-03-05,0.0
2020-03-06,0.0
2020-03-07,0.0
2020-03-08,0.29796174339076575
2020-03-09,10.611408378538616
2020-03-10,0.0
2020-03-11,9.082557698205113
2020-03-12,0.0
2020-03-13,0.0
2020-03-14,0.0
2020-03-15,0.0
2020-03-16,0.0
2020-03-17,0.0
2020-03-18,0.0
2020-03-19,0.0
2020-03-20,3.7903348985279224
2020-03-21,0.13692345831573338
2020-03-22,0.0
2020-03-23,0.0
2020-03-24,0.0
2020-03-25,0.0
2020-03-26,0.0
2020-03-27,0.0
2020-03-28,0.0
2020-03-29,0.4307369022687245
2020-03-30,0.0
2020-03-31,0.0
2020-04-01,5.94457064900827
2020-04-02,0.0
2020-04-03,0.0
2020-04-04,0.0
2020-04-05,0.0
2020-04-06,3.6512147104422974
2020-04-07,2.5413703715379516
2020-04-08,3.356532555483387
2020-04-09,0.0
2020-04-10,0.047398812100966525
2020-04-11,0.0
2020-04-12,0.0
2020-04-13,0.0
2020-04-14,3.0009334558353657
2020-04-15,0.3209264801441025
2020-04-16,0.0
2020-04-17,0.0
2020-04-18,0.0
2020-04-19,0.0
2020-04-20,0.0
2020-04-21,0.0
2020-04-22,2.297576802525763
2020-04-23,0.5517788761459749
2020-04-24,0.0
2020-04-25,0.0
2020-04-26,0.0
2020-04-27,0.0
2020-04-28,0.0
2020-04-29,0.28771384395989347
2020-04-30,4.602186595449065
2020-05-01,0.0
2020-05-02,0.0
2020-05-03,0.0
2020-05-04,0.0
2020-05-05,0.0
2020-05-06,6.508369294491768
2020-05-07,0.0
2020-05-08,0.0
2020-05-09,0.0
2020-05-10,0.0
2020-05-11,0.0
2020-05-12,0.0
2020-05-13,0.0
2020-05-14,0.0
2020-05-15,0.0
2020-05-16,0.0
2020-05-17,0.0
2020-05-18,0.0
2020-05-19,0.0
2020-05-20,0.0
2020-05-21,21.46681814832235
2020-05-22,1.802712711415645
2020-05-23,7.321051999660812
2020-05-24,0.040042586151654604
2020-05-25,4.874530153401866
2020-05-26,0.0
2020-05-27,0.0
2020-05-28,0.5233155183538383
2020-05-29,15.493199987748879
2020-05-30,1.6380646877755385
2020-05-31,0.0
2020-06-01,0.07539907422295389
2020-06-02,0.16934884287146093
2020-06-03,0.829964480109875
2020-06-04,1.6924443873219663
2020-06-05,1.163778907861664
2020-06-06,0.7441474544689467
2020-06-07,0.0
2020-06-08,0.0
2020-06-09,0.0
2020-06-10,0.9867004621866535
2020-06-11,2.6073577299114317
2020-06-12,1.4045979647872948
2020-06-13,6.094028238640951
2020-06-14,13.905467693876096
2020-06-15,13.46849245844314
2020-06-16,0.046074298747670245
2020-06-17,0.0
2020-06-18,0.0
2020-06-19,0.0
2020-06-20,0.0
2020-06-21,0.14243171926293383
2020-06-22,0.0
2020-06-23,0.0
2020-06-24,0.0
2020-06-25,0.501091583908307
2020-06-26,0.0
2020-06-27,0.2827681641448091
2020-06-28,0.0
2020-06-29,1.3735560405418172
2020-06-30,3.5235330695216507
2020-07-01,0.039927824932329256
2020-07-02,0.0
2020-07-03,0.035613188442925055
2020-07-04,0.0
2020-07-05,0.0
2020-07-06,0.0
2020-07-07,0.0
2020-07-08,4.603109824089334
2020-07-09,0.0
2020-07-10,0.0
2020-07-11,0.8043701529514486
2020-07-12,0.0
2020-07-13,0.0
2020-07-14,0.0
2020-07-15,0.010597271315594441
2020-07-16,1.1418819865593963
2020-07-17,3.500604349890016
2020-07-18,0.9766092448163224
2020-07-19,0.5673507746287622
2020-07-20,5.578209323662785
2020-07-21,9.826548547333944
2020-07-22,1.5227694633515672
2020-07-23,8.633600006581236
2020-07-24,4.845122180095646
2020-07-25,1.8422089732770226
2020-07-26,0.06326749670773893
2020-07-27,0.0339230231264741
2020-07-28,0.34153405774953643
2020-07-29,0.0
2020-07-30,0.0
2020-07-31,0.21238017212332672
2020-08-01,3.4867267551948165
2020-08-02,0.0
2020-08-03,7.236358830970858
2020-08-04,5.283813701063065
2020-08-05,1.5696652021780777
2020-08-06,0.0
2020-08-07,1.0520416245789523
2020-08-08,0.0
2020-08-09,0.0
2020-08-10,0.0
2020-08-11,0.0
2020-08-12,0.0
2020-08-13,0.0
2020-08-14,3.979419809860415
2020-08-15,1.4379074662276128
2020-08-16,3.2781438741078914
2020-08-17,0.0
2020-08-18,0.0
2020-08-19,1.53877941870385
2020-08-20,19.615871968644367
2020-08-21,8.339935909550437
2020-08-22,0.0
2020-08-23,11.041977222406567
2020-08-24,58.91608356441998
2020-08-25,7.634797810462586
2020-08-26,0.4636650261108945
2020-08-27,0.0
2020-08-28,0.0
2020-08-29,0.0
2020-08-30,0.0
2020-08-31,0.18773185243709734
2020-09-01,11.685683730238535
2020-09-02,16.76207574846777
2020-09-03,6.12718705105835
2020-09-04,1.6073774240272758
2020-09-05,0.0
2020-09-06,30.13480441494303
2020-09-07,13.939433707164842
2020-09-08,6.870407027025317
2020-09-09,2.970871457950423
2020-09-10,1.5622715274791086
2020-09-11,3.0514072750572248
2020-09-12,0.5286832460475565
2020-09-13,3.3449120985788974
2020-09-14,0.4199236854569581
2020-09-15,3.0211064476981266
2020-09-16,1.353346909170622
2020-09-17,3.58406556642447
2020-09-18,0.21329105716649227
2020-09-19,0.11596246242295195
2020-09-20,0.5077101281933845
2020-09-21,0.0
2020-09-22,1.1445396582455956
2020-09-23,0.0
2020-09-24,5.911801471009425
2020-09-25,0.0
2020-09-26,0.0
2020-09-27,0.0
2020-09-28,3.7667096517504506
2020-09-29,8.844559244913917
2020-09-30,14.493597331910019
2020-10-01,8.364131722042707
2020-10-02,8.15290478379298
2020-10-03,6.69548873452459
2020-10-04,1.214750536258847
2020-10-05,26.384028437169892
2020-10-06,19.07463172564624
2020-10-07,4.608013026396697
2020-10-08,35.49111492951448
2020-10-09,0.27553117034751506
2020-10-10,10.127370288132482
2020-10-11,0.01101857890233277
2020-10-12,1.4515824200593288
2020-10-13,5.519659451022852
2020-10-14,0.0
2020-10-15,0.6201174930921597
2020-10-16,5.639059342623291
2020-10-17,4.554044151826625
2020-10-18,15.026022189193943
2020-10-19,8.628011913725233
2020-10-20,2.9083322983784416
2020-10-21,14.482698881885204
2020-10-22,24.001769724999146
2020-10-23,40.75727862770847
2020-10-24,26.254042215089843
2020-10-25,26.38546667200305
2020-10-26,17.867505692538778
2020-10-27,3.9408114070304947
2020-10-28,6.172912623586972
2020-10-29,3.083910776943552
2020-10-30,1.535050646578658
2020-10-31,4.919507505949238
2020-11-01,15.928898230176166
2020-11-02,39.00464479384884
2020-11-03,69.27340119847685
2020-11-04,18.517745284097327
2020-11-05,0.16715548803160127
2020-11-06,12.297570655597088
2020-11-07,52.341851747566906
2020-11-08,101.28279121948397
2020-11-09,0.0
2020-11-10,0.0
2020-11-11,0.0
2020-11-12,0.04459817836349929
2020-11-13,0.6023085948006124
2020-11-14,0.0
2020-11-15,2.103950847067711
2020-11-16,1.215949021309582
2020-11-17,0.2599905480326366
2020-11-18,0.09931067818148236
2020-11-19,0.0
2020-11-20,15.24460571442602
2020-11-21,6.311135961419018
2020-11-22,0.0
2020-11-23,5.319023907945559
2020-11-24,7.715903942608922
2020-11-25,0.0
2020-11-26,0.0
2020-11-27,0.0
2020-11-28,0.0
2020-11-29,0.0
2020-11-30,0.0
2020-12-01,0.0
2020-12-02,0.3630724347784393
2020-12-03,9.95307248684993
2020-12-04,3.8563063502276855
2020-12-05,0.0
2020-12-06,0.0
2020-12-07,0.0
2020-12-08,0.0
2020-12-09,0.2518255028642417
2020-12-10,6.274832552211951
2020-12-11,5.635487773127751
2020-12-12,0.0
2020-12-13,0.0
2020-12-14,0.0
2020-12-15,0.0
2020-12-16,0.0
2020-12-17,0.0
2020-12-18,0.0
2020-12-19,1.192404726887409
2020-12-20,0.7912162494594365
2020-12-21,3.6334328025001463
2020-12-22,0.0
2020-12-23,0.020996156020908485
2020-12-24,0.0
2020-12-25,0.0
2020-12-26,0.0
2020-12-27,0.6732814529697027
2020-12-28,0.15018793333228503
2020-12-29,4.608397563801977
2020-12-30,0.0
2020-12-31,0.0
2021-01-01,0.8610941469175589
2021-01-02,0.0
2021-01-03,0.0
2021-01-04,0.8374897237758565
2021-01-05,0.0
2021-01-06,0.0
2021-01-07,0.0
2021-01-08,0.0
2021-01-09,0.052723795126177114
2021-01-10,1.6220021665404147
2021-01-11,4.222468415334575
2021-01-12,0.0
2021-01-13,0.0
2021-01-14,0.024844371578914358
2021-01-15,0.0
2021-01-16,0.0
2021-01-17,0.0
2021-01-18,0.0
2021-01-19,9.422662909297426
2021-01-20,0.1335596982039342
2021-01-21,2.158353556226004
2021-01-22,0.029640562642841654
2021-01-23,0.0
2021-01-24,0.0
2021-01-25,0.0
2021-01-26,0.0
2021-01-27,0.0
2021-01-28,0.0
2021-01-29,0.0
2021-01-30,5.243815014323068
2021-01-31,4.173391406641358
2021-02-01,1.1159711823269656
2021-02-02,0.3371583215791386
2021-02-03,0.0
2021-02-04,1.1012378100030964
2021-02-05,1.5785451099405787
2021-02-06,1.394896906772885
2021-02-07,0.0
2021-02-08,7.747365944102752
2021-02-09,0.0
2021-02-10,0.45315704344773705
2021-02-11,0.03286236092984101
2021-02-12,0.0
2021-02-13,0.0
2021-02-14,5.880255655242783
2021-02-15,6.05958322074815
2021-02-16,0.0
2021-02-17,0.0
2021-02-18,0.03373661827546162
2021-02-19,10.686061569757019
2021-02-20,0.0
2021-02-21,0.0
2021-02-22,9.069752519700673
2021-02-23,0.30864602689238363
2021-02-24,0.0
2021-02-25,3.107555490803642
2021-02-26,1.5459761729239019
2021-02-27,0.0
2021-02-28,0.0
2021-03-01,0.0
2021-03-02,2.9834791272602725
2021-03-03,0.0
2021-03-04,0.0
2021-03-05,3.3293631661183394
2021-03-06,0.0
2021-03-07,0.0
2021-03-08,0.0
2021-03-09,0.6671758814288351
2021-03-10,0.033416264378505194
2021-03-11,2.7058985510040663
2021-03-12,0.0
2021-03-13,0.0
2021-03-14,0.0
2021-03-15,0.0
2021-03-16,0.0
2021-03-17,0.0
2021-03-18,6.883323276429807
2021-03-19,0.0
2021-03-20,0.0
2021-03-21,0.0
2021-03-22,0.0
2021-03-23,0.0
2021-03-24,0.3903767313481818
2021-03-25,0.0
2021-03-26,1.2920612743544237
2021-03-27,0.0
2021-03-28,0.0
2021-03-29,0.0
2021-03-30,0.0
2021-03-31,3.6051837840329806
2021-04-01,0.0
2021-04-02,0.0
2021-04-03,0.0
2021-04-04,0.0
2021-04-05,0.0
2021-04-06,4.976069614095142
2021-04-07,0.4507368096319187
2021-04-08,1.201373660997763
2021-04-09,0.0
2021-04-10,43.894965662267076
2021-04-11,0.0
2021-04-12,0.0
2021-04-13,0.0
2021-04-14,0.11650380111440048
2021-04-15,0.0
2021-04-16,0.0
2021-04-17,0.0
2021-04-18,0.0
2021-04-19,0.0
2021-04-20,0.0
2021-04-21,0.0
2021-04-22,0.0
2021-04-23,0.0
2021-04-24,0.0
2021-04-25,0.0
2021-04-26,0.0
2021-04-27,0.0
2021-04-28,0.0
2021-04-29,0.0
2021-04-30,0.0
2021-05-01,0.0
2021-05-02,0.2312113387858167
2021-05-03,0.0
2021-05-04,0.0
2021-05-05,0.17011686891459685
2021-05-06,0.0
2021-05-07,0.0
2021-05-08,0.9150053712432001
2021-05-09,0.0
2021-05-10,0.8187077623073056
2021-05-11,0.0
2021-05-12,0.0
2021-05-13,0.0
2021-05-14,0.0
2021-05-15,0.33257541539387653
2021-05-16,0.6928316600930794
2021-05-17,0.06936457465933656
2021-05-18,0.0
2021-05-19,0.0
2021-05-20,4.499176889050949
2021-05-21,2.2268398058320353
2021-05-22,2.320949519102295
2021-05-23,0.0
2021-05-24,0.0
2021-05-25,0.0
2021-05-26,0.0
2021-05-27,3.3053235801359953
2021-05-28,0.0
2021-05-29,0.0
2021-05-30,1.094896770246242
2021-05-31,0.0
2021-06-01,0.046627781100933484
2021-06-02,6.6688507506517665
2021-06-03,1.1956307880014787
2021-06-04,0.16072396448557516
2021-06-05,0.0
2021-06-06,0.0
2021-06-07,0.0
2021-06-08,0.17955831481796783
2021-06-09,15.118739690688624
2021-06-10,0.8354775929541606
2021-06-11,14.381989260047929
2021-06-12,5.390268857338986
2021-06-13,0.05068031108794115
2021-06-14,0.0
2021-06-15,0.0
2021-06-16,0.0
2021-06-17,0.0
2021-06-18,0.051022314999770634
2021-06-19,2.8816137999752183
2021-06-20,0.7415908801487089
2021-06-21,0.0
2021-06-22,0.0
2021-06-23,0.0
2021-06-24,3.627866651751402
2021-06-25,0.22118457489898477
2021-06-26,6.324043716839236
2021-06-27,0.26094138381797405
2021-06-28,18.542781359363325
2021-06-29,6.324043716839236
2021-06-30,0.9247138828994725
2021-07-01,0.0
2021-07-02,17.078019998608223
2021-07-03,0.8774656078385838
2021-07-04,63.13074801788612
2021-07-05,1.8900209504393222
2021-07-06,0.0
2021-07-07,0.0
2021-07-08,0.7405402482851313
2021-07-09,0.0
2021-07-10,2.0713233511973725
2021-07-11,0.0
2021-07-12,1.6590973149729844
2021-07-13,0.0
2021-07-14,0.0
2021-07-15,3.104999534742907
2021-07-16,0.12203963873342467
2021-07-17,0.0
2021-07-18,0.0
2021-07-19,0.12678950512087397
2021-07-20,0.0
2021-07-21,0.0
2021-07-22,0.0
2021-07-23,0.0
2021-07-24,0.0
2021-07-25,3.64837817290224
2021-07-26,1.8623491580834128
2021-07-27,5.807759430148009
2021-07-28,0.0
2021-07-29,8.16671022152694
2021-07-30,1.8633874235951569
2021-07-31,0.0
2021-08-01,2.9640359065532915
2021-08-02,0.0
2021-08-03,4.170739085966355
2021-08-04,0.0
2021-08-05,0.0
2021-08-06,0.0
2021-08-07,0.6995306021752918
2021-08-08,0.9081042464940521
2021-08-09,2.7840258848909953
2021-08-10,0.0
2021-08-11,0.0
2021-08-12,13.043583559555426
2021-08-13,14.14248310591368
2021-08-14,0.0
2021-08-15,0.0
2021-08-16,0.0
2021-08-17,51.32484433163259
2021-08-18,27.18664362425693
2021-08-19,2.7060853683069053
2021-08-20,7.470792973951201
2021-08-21,29.632725618141407
2021-08-22,0.9867391799140098
2021-08-23,0.0
2021-08-24,0.6087230207069426
2021-08-25,5.796544786062333
2021-08-26,73.98991250355172
2021-08-27,117.90490272446877
2021-08-28,0.11225689188242771
2021-08-29,0.0
2021-08-30,3.399861008971537
2021-08-31,1.4239203798156328
2021-09-01,0.0
2021-09-02,0.0
2021-09-03,0.6679967891727318
2021-09-04,0.0
2021-09-05,0.14112512499091104
2021-09-06,0.566703067201351
2021-09-07,0.8396470326044072
2021-09-08,0.0
2021-09-09,0.0
2021-09-10,0.2553303389855498
2021-09-11,0.0
2021-09-12,0.0
2021-09-13,3.2020434938946982
2021-09-14,0.0
2021-09-15,1.4356295376792425
2021-09-16,5.6774906930653
2021-09-17,0.04836837028553234
2021-09-18,0.14106331851187068
2021-09-19,3.634627460399435
2021-09-20,2.8693862295025285
2021-09-21,0.0
2021-09-22,1.6756964210366752
2021-09-23,11.241070317566809
2021-09-24,0.05429952965529966
2021-09-25,0.0
2021-09-26,0.7755302276286962
2021-09-27,1.2075731868040327
2021-09-28,1.2806641987083176
2021-09-29,1.9981143164734616
2021-09-30,3.8685946547605172
2021-10-01,4.650212874202024
2021-10-02,3.9501715730405578
2021-10-03,1.0281854133115225
2021-10-04,2.4836630679259644
2021-10-05,10.202066098234479
2021-10-06,0.8304103009359909
2021-10-07,9.751246065276023
2021-10-08,0.045082763695668056
2021-10-09,0.397138171581227
2021-10-10,1.6816031471491675
2021-10-11,0.0
2021-10-12,0.0
2021-10-13,0.35480934687611554
2021-10-14,3.7504585311143512
2021-10-15,0.0
2021-10-16,0.0
2021-10-17,0.7416823124771705
2021-10-18,5.237704072218403
2021-10-19,0.14299359942909198
2021-10-20,9.639204404609917
2021-10-21,21.818197426211817
2021-10-22,9.442955207806117
2021-10-23,0.5997571721201043
2021-10-24,0.0
2021-10-25,0.0
2021-10-26,0.0
2021-10-27,0.9280654260166764
2021-10-28,0.0
2021-10-29,0.0
2021-10-30,0.0
2021-10-31,0.6924262046349257
2021-11-01,0.0
2021-11-02,0.0
2021-11-03,2.5369618310529622
2021-11-04,0.0
2021-11-05,4.312425661314743
2021-11-06,2.100572009960725
2021-11-07,0.27298871918549933
2021-11-08,0.4722623424494711
2021-11-09,0.0
2021-11-10,0.0
2021-11-11,0.7792145471895383
2021-11-12,2.5365304934352286
2021-11-13,0.0
2021-11-14,1.1351408402643963
2021-11-15,0.9508770076100003
2021-11-16,9.19037124708886
2021-11-17,0.0
2021-11-18,0.0
2021-11-19,0.0
2021-11-20,0.0
2021-11-21,1.0475658460988273
2021-11-22,0.0
2021-11-23,0.2401319243919314
2021-11-24,0.038182128487640785
2021-11-25,8.935176191570674
2021-11-26,3.7509502598491404
2021-11-27,0.32974238252096055
2021-11-28,0.0
2021-11-29,0.0
2021-11-30,1.465617460554402
2021-12-01,0.0
2021-12-02,0.0
2021-12-03,0.0
2021-12-04,6.091332468555727
2021-12-05,0.0
2021-12-06,0.1193781920476634
2021-12-07,0.261942731533677
2021-12-08,0.0
2021-12-09,0.0
2021-12-10,0.0
2021-12-11,0.0
2021-12-12,0.0
2021-12-13,0.0
2021-12-14,32.320818307211304
2021-12-15,0.16312022455927572
2021-12-16,8.721659089631126
2021-12-17,0.0
2021-12-18,0.0
2021-12-19,0.0
2021-12-20,0.0
2021-12-21,0.1095090605759293
2021-12-22,0.0
2021-12-23,0.0
2021-12-24,0.0
2021-12-25,0.0
2021-12-26,0.0
2021-12-27,0.0
2021-12-28,0.0
2021-12-29,0.4491592839777022
2021-12-30,0.0
2021-12-31,0.0
2022-01-01,1.579994382710499
2022-01-02,1.6125892580699857
2022-01-03,0.0
2022-01-04,0.0
2022-01-05,0.0
2022-01-06,0.0
2022-01-07,0.7626644164169871
2022-01-08,0.039579235895162615
2022-01-09,4.944160386816868
2022-01-10,0.0
2022-01-11,2.77497440806003
2022-01-12,1.4300572252008674
2022-01-13,0.0
2022-01-14,0.0
2022-01-15,0.0
2022-01-16,0.0
2022-01-17,0.0
2022-01-18,0.9167294499005341
2022-01-19,0.716190184734565
2022-01-20,0.027543732557899943
2022-01-21,0.0
2022-01-22,6.828194737283357
2022-01-23,0.0
2022-01-24,0.0
2022-01-25,0.035599825198905255
2022-01-26,0.028186386921823795
2022-01-27,0.0
2022-01-28,0.0
2022-01-29,0.0
2022-01-30,4.704315112912971
2022-01-31,10.403410774099353
2022-02-01,2.423509435641604
2022-02-02,0.0
2022-02-03,0.0
2022-02-04,0.0
2022-02-05,0.0
2022-02-06,0.0
2022-02-07,0.0
2022-02-08,0.02992439381549516
2022-02-09,0.0
2022-02-10,2.6131120542024915
2022-02-11,8.553411002048055
2022-02-12,0.0
2022-02-13,0.0
2022-02-14,0.0
2022-02-15,0.0
2022-02-16,0.16970180101230145
2022-02-17,3.7334542580485497
2022-02-18,0.0
2022-02-19,0.0
2022-02-20,0.0
2022-02-21,0.0
2022-02-22,0.32166097015679757
2022-02-23,1.4353082519957292
2022-02-24,0.0
2022-02-25,0.0
2022-02-26,1.1375029986974219
2022-02-27,0.0
2022-02-28,0.0
2022-03-01,0.0
2022-03-02,0.0
2022-03-03,0.0
2022-03-04,2.7381315824755705
2022-03-05,9.879081016046449
2022-03-06,1.9999882739696944
2022-03-07,0.02490864110473954
2022-03-08,1.1047445230230277
2022-03-09,0.0
2022-03-10,0.0
2022-03-11,0.0
2022-03-12,0.0
2022-03-13,0.0
2022-03-14,5.104442628291298
2022-03-15,0.4737974834098255
2022-03-16,0.028901651209760695
2022-03-17,5.9933570707393855
2022-03-18,0.0
2022-03-19,0.0
2022-03-20,0.0
2022-03-21,2.297502887282684
2022-03-22,0.26713472536787997
2022-03-23,0.0
2022-03-24,0.8146299162451001
2022-03-25,0.0
2022-03-26,0.0
2022-03-27,0.0
2022-03-28,0.0
2022-03-29,0.0
2022-03-30,12.089529683280668
2022-03-31,1.7408123005436775
2022-04-01,0.01576104102317335
2022-04-02,8.9358225210335
2022-04-03,0.0
2022-04-04,0.0
2022-04-05,0.8382949175721731
2022-04-06,0.0
2022-04-07,0.0
2022-04-08,0.0
2022-04-09,0.0
2022-04-10,11.991602873107448
2022-04-11,3.358028344575476
2022-04-12,0.9241096349548332
2022-04-13,0.017745130557714643
2022-04-14,0.0
2022-04-15,0.0
2022-04-16,0.0
2022-04-17,18.30986793719006
2022-04-18,3.2193362449602874
2022-04-19,5.045350515822689
2022-04-20,8.393840937758036
2022-04-21,0.1291646338406042
2022-04-22,0.2664058606023503
2022-04-23,0.9272865809470446
2022-04-24,8.200704249428583
2022-04-25,0.537531718746773
2022-04-26,6.847142417090944
2022-04-27,1.5609291290611844
2022-04-28,0.0
2022-04-29,0.0
2022-04-30,0.0
2022-05-01,0.027493435508639547
2022-05-02,0.8313209870419019
2022-05-03,0.0
2022-05-04,0.0
2022-05-05,0.0
2022-05-06,0.0
2022-05-07,0.0
2022-05-08,0.0
2022-05-09,0.0
2022-05-10,0.0
2022-05-11,9.845459849290036
2022-05-12,2.192164637496185
2022-05-13,22.05407352120355
2022-05-14,18.485105588507917
2022-05-15,0.0
2022-05-16,0.0
2022-05-17,0.0
2022-05-18,1.8222884195913478
2022-05-19,0.0
2022-05-20,0.35180216817964577
2022-05-21,1.7448336313300838
2022-05-22,0.0
2022-05-23,0.0
2022-05-24,0.0
2022-05-25,0.0
2022-05-26,2.3593104872923356
2022-05-27,6.124268603085564
2022-05-28,4.055280974148054
2022-05-29,0.5486833230176523
2022-05-30,0.0
2022-05-31,0.0
2022-06-01,0.029966256595496697
2022-06-02,0.03730186476436533
2022-06-03,0.0
2022-06-04,0.02079312458174025
2022-06-05,0.0
2022-06-06,0.0
2022-06-07,0.0
2022-06-08,0.0
2022-06-09,0.0
2022-06-10,0.0
2022-06-11,0.0
2022-06-12,0.07687350797695021
2022-06-13,1.3708218746326573
2022-06-14,3.2679119545306725
2022-06-15,1.9563099001713542
2022-06-16,2.2790489548154884
2022-06-17,0.7134048834932487
2022-06-18,5.4756381715927525
2022-06-19,0.17808700682741138
2022-06-20,0.11466792023616998
2022-06-21,8.637734061246633
2022-06-22,6.688658040293173
2022-06-23,1.8844129717056075
2022-06-24,2.916336636331367
2022-06-25,0.0
2022-06-26,0.09790290465028229
2022-06-27,0.0
2022-06-28,2.9376440297185225
2022-06-29,0.0
2022-06-30,0.0
2022-07-01,0.2590768592142243
2022-07-02,0.0
2022-07-03,1.4050729197492005
2022-07-04,5.806653396345092
2022-07-05,0.0
2022-07-06,0.0
2022-07-07,2.89773382910301
2022-07-08,0.046196084217234736
2022-07-09,0.0
2022-07-10,0.0
2022-07-11,0.13045298380526912
2022-07-12,0.0
2022-07-13,0.0
2022-07-14,0.6849832965923138
2022-07-15,0.0
2022-07-16,0.20189714276085421
2022-07-17,0.0
2022-07-18,0.0
2022-07-19,0.0
2022-07-20,0.0
2022-07-21,0.0
2022-07-22,1.775292325816811
2022-07-23,2.9435667674010073
2022-07-24,0.05565156084835244
2022-07-25,0.0884242776239282
2022-07-26,17.38248224349506
2022-07-27,0.0
2022-07-28,0.8288080877942213
2022-07-29,0.0
2022-07-30,0.0
2022-07-31,0.0
2022-08-01,0.24128783452047287
2022-08-02,0.0
2022-08-03,0.1756911367633958
2022-08-04,0.12869218625865264
2022-08-05,2.8377284145345922
2022-08-06,1.2508074573699806
2022-08-07,0.017797199751640454
2022-08-08,0.8949535350512139
2022-08-09,0.0
2022-08-10,0.005930616119988142
2022-08-11,0.016234746605271123
2022-08-12,1.69984297588106
2022-08-13,1.1040429107488312
2022-08-14,0.0
2022-08-15,0.0
2022-08-16,2.8350846207916773
2022-08-17,1.9199035282825565
2022-08-18,0.0
2022-08-19,0.0
2022-08-20,1.3489195506087799
2022-08-21,0.7435456365535695
2022-08-22,15.019365714128663
2022-08-23,1.7426602976234575
2022-08-24,2.2104937598761287
2022-08-25,4.19190995890243
2022-08-26,0.15536214371032386
2022-08-27,2.3350818320541005
2022-08-28,9.693108501704785
2022-08-29,6.413275741738494
2022-08-30,7.359635491269383
2022-08-31,34.12561057555189
2022-09-01,3.086916153826637
2022-09-02,7.171762652732208
2022-09-03,0.0
2022-09-04,1.0279716278026354
2022-09-05,0.0
2022-09-06,12.928314407182453
2022-09-07,9.329439330224162
2022-09-08,0.5624077736245134
2022-09-09,0.0
2022-09-10,0.0
2022-09-11,3.7534353640353437
2022-09-12,6.527859387231863
2022-09-13,4.4043126265424775
2022-09-14,0.2215508679969073
2022-09-15,1.2260728378926042
2022-09-16,0.0
2022-09-17,9.625582488537438
2022-09-18,6.348308279806846
2022-09-19,0.0
2022-09-20,4.371235805626165
2022-09-21,0.7733901024515338
2022-09-22,0.0
2022-09-23,0.0
2022-09-24,11.67907535759123
2022-09-25,39.17388238210727
2022-09-26,57.736147897004855
2022-09-27,17.95795265125631
2022-09-28,15.039990162456746
2022-09-29,9.916088171956043
2022-09-30,12.823373958597687
2022-10-01,13.426423024624691
2022-10-02,1.4343053435108233
2022-10-03,3.4262905623663955
2022-10-04,4.578608501864832
2022-10-05,0.3401626500106557
2022-10-06,4.46972583362831
2022-10-07,4.344462440650768
2022-10-08,0.12769110799242372
2022-10-09,2.611820632028203
2022-10-10,0.0
2022-10-11,0.0
2022-10-12,0.0
2022-10-13,2.4523061408063445
2022-10-14,0.0
2022-10-15,5.48347573242693
2022-10-16,0.0
2022-10-17,0.0
2022-10-18,0.0
2022-10-19,10.504019243258758
2022-10-20,0.25366752304048895
2022-10-21,6.230951508378066
2022-10-22,21.842442857418686
2022-10-23,17.218302500711502
2022-10-24,0.0
2022-10-25,0.569783920735693
2022-10-26,0.0
2022-10-27,0.0
2022-10-28,0.0
2022-10-29,0.0
2022-10-30,0.0
2022-10-31,0.5809980126085272
2022-11-01,5.169765450756704
2022-11-02,0.43757777255409325
2022-11-03,0.0
2022-11-04,0.0
2022-11-05,0.0
2022-11-06,0.0
2022-11-07,0.0
2022-11-08,0.0
2022-11-09,0.0
2022-11-10,0.0
2022-11-11,0.0
2022-11-12,2.7611524580793874
2022-11-13,25.546394769449048
2022-11-14,0.0
2022-11-15,0.0
2022-11-16,5.167075567293813
2022-11-17,2.3780441167770268
2022-11-18,0.0
2022-11-19,0.0
2022-11-20,0.0
2022-11-21,0.0
2022-11-22,0.0
2022-11-23,0.0
2022-11-24,0.0
2022-11-25,3.198440668539001
2022-11-26,0.0
2022-11-27,0.0
2022-11-28,0.0
2022-11-29,0.0
2022-11-30,0.0
2022-12-01,6.125659623418841
2022-12-02,0.0
2022-12-03,4.2881842951434885
2022-12-04,0.0
2022-12-05,0.0
2022-12-06,0.0
2022-12-07,0.0
2022-12-08,1.2590566257695774
2022-12-09,0.025883435110938484
2022-12-10,0.0
2022-12-11,0.0
2022-12-12,0.0
2022-12-13,0.0
2022-12-14,4.6973989564021785
2022-12-15,0.0
2022-12-16,0.16939044581927143
2022-12-17,0.0
2022-12-18,0.0
2022-12-19,0.0
2022-12-20,1.566084725409964
2022-12-21,0.0
2022-12-22,0.0
2022-12-23,0.8856974191315258
2022-12-24,0.0
2022-12-25,5.204514315597448
2022-12-26,0.39945627213825596
2022-12-27,0.0
2022-12-28,0.0
2022-12-29,4.1623024517606195
2022-12-30,0.0
2022-12-31,0.0
2023-01-01,0.0
2023-01-02,0.1254679698273053
2023-01-03,0.0
2023-01-04,0.0
2023-01-05,5.137964231044783
2023-01-06,0.8070011217451714
2023-01-07,0.023266549812586797
2023-01-08,0.43160161929292734
2023-01-09,0.0
2023-01-10,0.0
2023-01-11,0.0
2023-01-12,2.1797989922510395
2023-01-13,1.1684685483009953
2023-01-14,0.0
2023-01-15,0.0
2023-01-16,0.0
2023-01-17,0.026973547032557662
2023-01-18,9.20743301892743
2023-01-19,0.0
2023-01-20,0.02358737194959839
2023-01-21,0.0
2023-01-22,0.20779715510514168
2023-01-23,5.0741803809897315
2023-01-24,0.0
2023-01-25,2.4272403883871285
2023-01-26,0.0
2023-01-27,0.0
2023-01-28,0.0
2023-01-29,6.336440804617851
2023-01-30,10.050766449970947
2023-01-31,0.0
2023-02-01,0.0
2023-02-02,0.022283758920554862
2023-02-03,0.019990611524798464
2023-02-04,0.0
2023-02-05,0.021348133501677982
2023-02-06,0.9519215047667335
2023-02-07,0.0
2023-02-08,0.0
2023-02-09,0.0
2023-02-10,0.0
2023-02-11,6.065545857272154
2023-02-12,0.0
2023-02-13,0.0
2023-02-14,0.0
2023-02-15,0.0
2023-02-16,0.5518697745246318
2023-02-17,0.6577964258895678
2023-02-18,0.0
2023-02-19,0.0
2023-02-20,0.0
2023-02-21,0.0
2023-02-22,0.0
2023-02-23,0.0
2023-02-24,0.0
2023-02-25,7.1075362198627685
2023-02-26,2.512930956445419
2023-02-27,0.0
2023-02-28,0.0
2023-03-01,0.0
2023-03-02,0.3281385298884062
2023-03-03,0.0
2023-03-04,0.0
2023-03-05,8.660124940280154
2023-03-06,0.0
2023-03-07,3.0356719782449804
2023-03-08,0.0
2023-03-09,0.0
2023-03-10,0.9226736952228951
2023-03-11,0.0
2023-03-12,0.0
2023-03-13,0.0
2023-03-14,0.0
2023-03-15,7.082900332307831
2023-03-16,0.0
2023-03-17,0.0
2023-03-18,0.23670896114330406
2023-03-19,0.12569391944698627
2023-03-20,0.0
2023-03-21,0.38039170226069313
2023-03-22,1.4147620760154889
2023-03-23,0.0
2023-03-24,0.0
2023-03-25,0.0
2023-03-26,0.8937118068539297
2023-03-27,0.02150313936238539
2023-03-28,0.0
2023-03-29,0.0
2023-03-30,0.0
2023-03-31,5.8371417037972035
2023-04-01,4.82413414665254
2023-04-02,0.0
2023-04-03,0.0
2023-04-04,0.025145128913911362
2023-04-05,0.0
2023-04-06,0.0
2023-04-07,1.0261320018498779
2023-04-08,0.0
2023-04-09,0.16139095971115197
2023-04-10,0.0
2023-04-11,0.0
2023-04-12,1.2628161287972273
2023-04-13,1.8524313177029392
2023-04-14,0.0
2023-04-15,5.494352577838873
2023-04-16,0.0
2023-04-17,0.0
2023-04-18,1.36144411646359
2023-04-19,0.0
2023-04-20,0.02907796301533634
2023-04-21,5.92580403074304
2023-04-22,0.8907164998041025
2023-04-23,0.0
2023-04-24,0.0
2023-04-25,0.0
2023-04-26,11.227375552896145
2023-04-27,1.4395192307276214
2023-04-28,0.6315111419213769
2023-04-29,0.0
2023-04-30,0.0
2023-05-01,0.0
2023-05-02,0.0
2023-05-03,0.0
2023-05-04,2.904795847967486
2023-05-05,0.0
2023-05-06,6.463014276226807
2023-05-07,0.0
2023-05-08,0.0
2023-05-09,0.0
2023-05-10,0.0
2023-05-11,0.0
2023-05-12,0.0
2023-05-13,1.054155615312223
2023-05-14,0.0
2023-05-15,0.0
2023-05-16,0.0
2023-05-17,0.0
2023-05-18,0.0
2023-05-19,0.5051119134923587
2023-05-20,3.622691422210034
2023-05-21,0.0
2023-05-22,0.0
2023-05-23,13.476765422720668
2023-05-24,0.2722139366885256
2023-05-25,0.0
2023-05-26,0.0
2023-05-27,3.8230753417786953
2023-05-28,11.108630592392478
2023-05-29,2.492094441587587
2023-05-30,9.421286300706207
2023-05-31,19.798720133954024
2023-06-01,6.7094679747323935
2023-06-02,38.96517233704048
2023-06-03,0.0
2023-06-04,1.2151661357874062
2023-06-05,0.0
2023-06-06,2.8996280567558426
2023-06-07,26.417987210722
2023-06-08,30.238606695612557
2023-06-09,3.378667356814339
2023-06-10,1.9609629608085892
2023-06-11,0.0
2023-06-12,0.0
2023-06-13,0.0
2023-06-14,0.0
2023-06-15,0.0
2023-06-16,2.2786657798419205
2023-06-17,0.0
2023-06-18,0.6229793328416823
2023-06-19,0.0
2023-06-20,0.3202822665096595
2023-06-21,0.0
2023-06-22,2.5056014448076116
2023-06-23,0.6034972351227759
2023-06-24,1.0638650359146404
2023-06-25,0.0
2023-06-26,0.0
2023-06-27,10.228227721821112
2023-06-28,0.27155462434540223
2023-06-29,0.19509304700196572
2023-06-30,0.0
2023-07-01,0.0
2023-07-02,0.0
2023-07-03,1.9361869485832979
2023-07-04,0.0
2023-07-05,8.727822581969576
2023-07-06,0.0
2023-07-07,0.0
2023-07-08,0.0
2023-07-09,0.0
2023-07-10,1.6616957618437154
2023-07-11,0.0
2023-07-12,0.0
2023-07-13,0.10781248962771135
2023-07-14,6.584700414003097
2023-07-15,0.0
2023-07-16,1.3362165156389907
2023-07-17,0.20504755084364285
2023-07-18,5.686508540741917
2023-07-19,0.9907806141545419
2023-07-20,5.140605315712736
2023-07-21,0.0
2023-07-22,0.0
2023-07-23,0.0
2023-07-24,0.0
2023-07-25,0.2403312905259258
2023-07-26,0.0
2023-07-27,0.12088972931309712
2023-07-28,0.0
2023-07-29,0.0
2023-07-30,0.937369510358612
2023-07-31,0.032051640822750097
2023-08-01,0.09217578199985327
2023-08-02,1.4319802892160467
2023-08-03,2.138451950340496
2023-08-04,0.0
2023-08-05,0.0
2023-08-06,4.68528707802801
2023-08-07,0.10936980623446552
2023-08-08,0.0
2023-08-09,0.0
2023-08-10,1.8446594564645868
2023-08-11,6.946306390030878
2023-08-12,0.0
2023-08-13,5.138602531266462
2023-08-14,4.268913887499973
2023-08-15,0.19145443434604206
2023-08-16,0.0
2023-08-17,1.4912055129138666
2023-08-18,1.9342118689405352
2023-08-19,0.0
2023-08-20,3.3510753502449364
2023-08-21,0.0
2023-08-22,0.39232343972606415
2023-08-23,0.0
2023-08-24,0.0
2023-08-25,9.258676080533652
2023-08-26,22.005822135881427
2023-08-27,19.08449435557042
2023-08-28,0.2073632408426863
2023-08-29,0.0
2023-08-30,0.0
2023-08-31,0.6803897171384838
2023-09-01,0.8689552812173854
2023-09-02,3.2355879775242387
2023-09-03,0.40285274336740245
2023-09-04,0.5410866385000676
2023-09-05,1.481261700232026
2023-09-06,0.25281593221261617
2023-09-07,14.659712577212357
2023-09-08,0.0
2023-09-09,0.0
2023-09-10,0.0
2023-09-11,3.5365515744032043
2023-09-12,0.0
2023-09-13,0.0
2023-09-14,0.0
2023-09-15,0.08031737268836557
2023-09-16,1.8074976226853854
2023-09-17,3.054495250513046
2023-09-18,7.511642626881449
2023-09-19,0.0
2023-09-20,5.2017761193896215
2023-09-21,2.8056078456947064
2023-09-22,3.7871307519987627
2023-09-23,6.418770153612413
2023-09-24,2.0655096314267314
2023-09-25,23.729134129218547
2023-09-26,7.377288857348398
2023-09-27,1.1188206518152954
2023-09-28,0.710834434745535
2023-09-29,0.0
2023-09-30,0.08104072208700094
2023-10-01,5.662748799014074
2023-10-02,0.3879314332361075
2023-10-03,5.429428789864482
2023-10-04,6.3369871466820396
2023-10-05,0.0
2023-10-06,0.17345597764667553
2023-10-07,5.662839082467511
2023-10-08,1.166334896126682
2023-10-09,26.531180707070693
2023-10-10,10.397999586899626
2023-10-11,0.0
2023-10-12,0.0
2023-10-13,0.0
2023-10-14,0.0
2023-10-15,0.0
2023-10-16,0.0
2023-10-17,0.0
2023-10-18,0.0
2023-10-19,11.144039867519341
2023-10-20,0.0
2023-10-21,1.0424537171677137
2023-10-22,2.103625191267605
2023-10-23,1.5122751577615434
2023-10-24,7.1989792877790615
2023-10-25,12.8338595558916
2023-10-26,0.0
2023-10-27,0.0
2023-10-28,0.0
2023-10-29,0.0
2023-10-30,0.0
2023-10-31,31.015285091922472
2023-11-01,81.4171031051857
2023-11-02,34.89434250278694
2023-11-03,1.1437180551354758
2023-11-04,0.0
2023-11-05,0.0
2023-11-06,0.0
2023-11-07,0.20248050439219503
2023-11-08,0.0
2023-11-09,1.5168578260858763
2023-11-10,0.0
2023-11-11,0.0
2023-11-12,0.0
2023-11-13,0.0
2023-11-14,0.0
2023-11-15,2.480805950733598
2023-11-16,70.81660244444193
2023-11-17,35.68161093488143
2023-11-18,46.02855759970033
2023-11-19,0.0
2023-11-20,0.0
2023-11-21,0.0
2023-11-22,0.0
2023-11-23,0.0
2023-11-24,0.0
2023-11-25,0.0
2023-11-26,0.0
2023-11-27,0.0
2023-11-28,0.0
2023-11-29,0.0
2023-11-30,0.0
2023-12-01,0.0
2023-12-02,0.0
2023-12-03,0.0
2023-12-04,0.2887517988373924
2023-12-05,1.4173680648575073
2023-12-06,0.0
2023-12-07,0.0
2023-12-08,0.0
2023-12-09,0.05090913553240703
2023-12-10,0.6823083501893308
2023-12-11,0.0
2023-12-12,5.430370630826207
2023-12-13,1.215366011601816
2023-12-14,0.0
2023-12-15,0.9708152274594716
2023-12-16,0.0
2023-12-17,0.0
2023-12-18,0.24020099742128398
2023-12-19,0.0
2023-12-20,0.0
2023-12-21,0.0
2023-12-22,0.5509554632759596
2023-12-23,0.0
2023-12-24,0.0
2023-12-25,0.0
2023-12-26,0.0
2023-12-27,0.0
2023-12-28,8.884217013835023
2023-12-29,0.0
2023-12-30,16.88555927014516
2023-12-31,6.666062173991161
2024-01-01,1.3148011859891566
2024-01-02,0.0
2024-01-03,0.0
2024-01-04,0.0
2024-01-05,0.0
2024-01-06,0.0
2024-01-07,0.0
2024-01-08,0.0
2024-01-09,0.0
2024-01-10,7.683423348633058
2024-01-11,0.0
2024-01-12,0.0
2024-01-13,0.0
2024-01-14,0.09322825705908669
2024-01-15,3.917479686576271
2024-01-16,0.0
2024-01-17,0.0
2024-01-18,1.3641401383277556
2024-01-19,0.024118082180158887
2024-01-20,0.0
2024-01-21,0.022958402872527043
2024-01-22,4.274088415018172
2024-01-23,0.0
2024-01-24,0.0
2024-01-25,0.0
2024-01-26,6.446458030799573
2024-01-27,0.0
2024-01-28,0.0
2024-01-29,0.0
2024-01-30,1.125770459687683
2024-01-31,0.4053970370280116
2024-02-01,0.013574336451311207
2024-02-02,0.012288943890091178
2024-02-03,0.0
2024-02-04,0.0
2024-02-05,3.6803806129457795
2024-02-06,5.558395238847902
2024-02-07,0.0
2024-02-08,0.0
2024-02-09,0.0
2024-02-10,0.012949257447187251
2024-02-11,0.0
2024-02-12,0.0
2024-02-13,7.298109040810067
2024-02-14,0.0
2024-02-15,0.0
2024-02-16,0.0
2024-02-17,0.0
2024-02-18,0.0
2024-02-19,0.0
2024-02-20,8.39841080364829
2024-02-21,0.3025459524786108
2024-02-22,0.0
2024-02-23,0.0
2024-02-24,0.7511515137559314
2024-02-25,1.9958172956994022
2024-02-26,0.5425458488821251
2024-02-27,0.0
2024-02-28,0.0
2024-02-29,0.12069047070097916
2024-03-01,0.21104553565796838
2024-03-02,5.680766871676971
2024-03-03,1.1439319711809166
2024-03-04,0.0
2024-03-05,0.0
2024-03-06,7.833247197044951
2024-03-07,0.0
2024-03-08,0.0
2024-03-09,0.0
2024-03-10,0.0
2024-03-11,0.0
2024-03-12,0.8850628303837884
2024-03-13,0.11423678050065827
2024-03-14,0.0
2024-03-15,1.9204737338716784
2024-03-16,0.0
2024-03-17,0.0
2024-03-18,0.0
2024-03-19,2.650489416030424
2024-03-20,4.427401222433104
2024-03-21,4.383783687312357
2024-03-22,0.34805126039620066
2024-03-23,0.0
2024-03-24,0.0
2024-03-25,0.0
2024-03-26,0.0
2024-03-27,0.0
2024-03-28,0.0
2024-03-29,0.0
2024-03-30,8.670871423496953
2024-03-31,3.004636156502063
2024-04-01,0.0
2024-04-02,0.0
2024-04-03,0.0
2024-04-04,0.0
2024-04-05,0.0
2024-04-06,0.0
2024-04-07,0.0
2024-04-08,0.0
2024-04-09,0.0
2024-04-10,0.0
2024-04-11,2.969769765684542
2024-04-12,0.578507628276234
2024-04-13,0.04544028429944029
2024-04-14,5.5998425254370074
2024-04-15,9.137742495074418
2024-04-16,0.0
2024-04-17,0.0
2024-04-18,0.0
2024-04-19,0.0
2024-04-20,0.0
2024-04-21,0.2832895616215928
2024-04-22,7.401145821855659
2024-04-23,0.0
2024-04-24,0.0
2024-04-25,0.0
2024-04-26,0.0
2024-04-27,0.0
2024-04-28,19.368980631983057
2024-04-29,0.3103022048863945
2024-04-30,0.2936734257705401
2024-05-01,0.0
2024-05-02,0.0
2024-05-03,47.60864970544871
2024-05-04,5.237016335831156
2024-05-05,0.0
2024-05-06,0.0
2024-05-07,0.0
2024-05-08,0.0
2024-05-09,0.0
2024-05-10,0.018003725009916725
2024-05-11,0.1300314908928718
2024-05-12,0.0
2024-05-13,0.0
2024-05-14,0.0
2024-05-15,0.0
2024-05-16,0.0
2024-05-17,1.6229455233064806e-05
2024-05-18,6.32326540270193e-07
2024-05-19,0.0
2024-05-20,1.9072484475192981
2024-05-21,0.6153116401391308
2024-05-22,15.06859748273574
2024-05-23,2.3581314565098874
2024-05-24,0.0
2024-05-25,0.0
2024-05-26,0.0
2024-05-27,0.0
2024-05-28,0.0
2024-05-29,0.0
2024-05-30,0.0
2024-05-31,0.0
2024-06-01,17.18416612290718
2024-06-02,0.0
2024-06-03,13.39532173712715
2024-06-04,13.41392398017643
2024-06-05,8.062910037295834
2024-06-06,8.534429147129414
2024-06-07,18.391359462223143
2024-06-08,8.803564628979906
2024-06-09,3.4485987898039667
2024-06-10,0.0
2024-06-11,1.11942644962592
2024-06-12,1.368133777540314
2024-06-13,0.07101396517442361
2024-06-14,0.004135160449997659
2024-06-15,0.0008249888960190838
2024-06-16,7.442323931336297
2024-06-17,4.754913320760723
2024-06-18,10.476507131496419
2024-06-19,5.7161665117167875
2024-06-20,6.353834425017053
2024-06-21,5.532566083475531
2024-06-22,1.982958743591056
2024-06-23,9.371738048083552
2024-06-24,0.13785644907106048
2024-06-25,0.0
2024-06-26,4.691989974986739
2024-06-27,28.982908574290096
2024-06-28,0.0
2024-06-29,9.960998348668818
2024-06-30,1.1923539314617622
2024-07-01,0.0
2024-07-02,0.0
2024-07-03,35.80451351545345
2024-07-04,28.41694021211034
2024-07-05,0.23329759701315322
2024-07-06,17.595547710846606
2024-07-07,22.670957377565475
2024-07-08,0.0
2024-07-09,1.961883306410354
2024-07-10,0.0
2024-07-11,8.865242383038831
2024-07-12,0.053273803343632076
2024-07-13,0.0
2024-07-14,0.0
2024-07-15,0.0
2024-07-16,4.176387859127371
2024-07-17,4.843272384478675
2024-07-18,7.179636997177917
2024-07-19,0.0
2024-07-20,12.58329008380963
2024-07-21,0.0
2024-07-22,0.0
2024-07-23,0.0
2024-07-24,0.0
2024-07-25,8.722826568230632
2024-07-26,0.0
2024-07-27,3.152003983844385
2024-07-28,0.0
2024-07-29,2.252442434974702
2024-07-30,0.8109576612661578
2024-07-31,0.0
2024-08-01,4.787393663050592
2024-08-02,20.790258049163285
2024-08-03,0.0
2024-08-04,0.0
2024-08-05,0.0
2024-08-06,0.0
2024-08-07,0.3481726594840721
2024-08-08,0.0
2024-08-09,0.0
2024-08-10,3.5209710143971957
2024-08-11,0.21548843416318642
2024-08-12,12.940125539862565
2024-08-13,1.5850102013168876
2024-08-14,0.0
2024-08-15,1.1755912093411713
2024-08-16,0.0
2024-08-17,0.0
2024-08-18,0.0
2024-08-19,0.19239173554941966
2024-08-20,0.0
2024-08-21,3.132413398498054
2024-08-22,2.383137628826734
2024-08-23,10.750641278385961
2024-08-24,6.800899491976045
2024-08-25,1.339246678478408
2024-08-26,3.359093019423481
2024-08-27,10.571988249089957
2024-08-28,9.890655273652753
2024-08-29,2.5662283177799137
2024-08-30,10.379514232386787
2024-08-31,7.628030197579266
2024-09-01,5.269984919406112
2024-09-02,0.7173318931227154
2024-09-03,1.4721305628940962
2024-09-04,17.356787394296934
2024-09-05,0.0
2024-09-06,0.0
2024-09-07,0.16245719968500036
2024-09-08,0.0
2024-09-09,0.0
2024-09-10,0.0763180516242702
2024-09-11,5.276161592822944
2024-09-12,4.580266768188112
2024-09-13,3.5271685827244283
2024-09-14,4.832082034179706
2024-09-15,3.8400766531889707
2024-09-16,0.13565939038065414
2024-09-17,1.7104106977685085
2024-09-18,0.0
2024-09-19,0.0
2024-09-20,0.0
2024-09-21,0.11672244728593238
2024-09-22,19.02201706990665
2024-09-23,26.20093121801409
2024-09-24,16.249465881041317
2024-09-25,13.813902624702955
2024-09-26,2.855135184516568
2024-09-27,0.0
2024-09-28,3.7279797341783834
2024-09-29,5.8036252751985655
2024-09-30,9.214289708649156
2024-10-01,1.3809663711404165
2024-10-02,1.830337790308518
2024-10-03,0.6899980489197628
2024-10-04,2.465730223666389
2024-10-05,9.752099085964778
2024-10-06,0.0
2024-10-07,0.0
2024-10-08,0.0
2024-10-09,0.0
2024-10-10,0.5983166381427737
2024-10-11,10.229533482824733
2024-10-12,0.0
2024-10-13,0.0
2024-10-14,0.21530486858677597
2024-10-15,5.439850744036087
2024-10-16,12.46877540643772
2024-10-17,24.462097977490558
2024-10-18,0.5641244531967361
2024-10-19,2.1084051038331073
2024-10-20,3.0962921795400304
2024-10-21,7.673338288185529
2024-10-22,0.2186968920233421
2024-10-23,0.0
2024-10-24,0.0
2024-10-25,4.815260896254278
2024-10-26,34.33954873738866
2024-10-27,0.0
2024-10-28,0.0
2024-10-29,0.0
2024-10-30,16.55331371732302
2024-10-31,0.0
2024-11-01,0.0
2024-11-02,2.092032549662637
2024-11-03,4.348340378415456
2024-11-04,9.954286428097802
2024-11-05,59.307549291948455
2024-11-06,16.07716031442108
2024-11-07,0.0
2024-11-08,0.6444858042262773
2024-11-09,6.371072658006819
2024-11-10,0.08128494092240318
2024-11-11,1.023793480756652
2024-11-12,0.0
2024-11-13,13.81252021843457
2024-11-14,8.74757263909282
2024-11-15,3.368078457938568
2024-11-16,13.714544817946152
2024-11-17,0.0
2024-11-18,0.0
2024-11-19,0.0
2024-11-20,0.0
2024-11-21,0.0
2024-11-22,0.0
2024-11-23,0.0
2024-11-24,15.840546495325906
2024-11-25,12.575855270276444
2024-11-26,39.1544558082962
2024-11-27,7.905121341108081
2024-11-28,22.619460397639855
2024-11-29,10.375487087019446
2024-11-30,2.9914090519306455
2024-12-01,3.221624217132369
2024-12-02,2.30630263319351
2024-12-03,0.17795062323037603
2024-12-04,0.993993049406329
2024-12-05,0.792067837917297
2024-12-06,0.0
2024-12-07,0.0
2024-12-08,0.0
2024-12-09,0.0
2024-12-10,0.0
2024-12-11,0.0
2024-12-12,0.0
2024-12-13,0.0
2024-12-14,0.0
2024-12-15,0.0
2024-12-16,0.3128904785611292
2024-12-17,0.0
2024-12-18,0.23775961226903952
2024-12-19,0.0
2024-12-20,0.0
2024-12-21,0.0
2024-12-22,5.983824901675609
2024-12-23,4.357210408989512
2024-12-24,3.202520815859806
2024-12-25,1.5666583571653827
2024-12-26,0.44909284603013677
2024-12-27,5.365352850282834
2024-12-28,0.0
2024-12-29,6.759922198182297
2024-12-30,16.968773456754164
2024-12-31,0.0
2025-01-01,0.0
2025-01-02,0.0
2025-01-03,0.5869076839142544
2025-01-04,0.0
2025-01-05,0.0
2025-01-06,9.625182929855496
2025-01-07,5.22752375445186
2025-01-08,0.0
2025-01-09,0.0
2025-01-10,0.0
2025-01-11,3.6634909279245855
2025-01-12,0.0
2025-01-13,0.0
2025-01-14,0.0
2025-01-15,0.0
2025-01-16,0.0
2025-01-17,0.0
2025-01-18,0.0
2025-01-19,0.7201421760627487
2025-01-20,1.5856852434773783
2025-01-21,0.11247804099812792
2025-01-22,0.5344186391924314
2025-01-23,2.860663241148072e-05
2025-01-24,4.1156673782948285
2025-01-25,13.025782160075385
2025-01-26,0.9430013479934125
2025-01-27,0.11414591771865515
2025-01-28,0.0
2025-01-29,0.0
2025-01-30,0.0
2025-01-31,0.24637996559079867
2025-02-01,0.0
2025-02-02,0.0
2025-02-03,0.0
2025-02-04,0.0
2025-02-05,0.0
2025-02-06,7.039334609156263
2025-02-07,3.271622639620308
2025-02-08,2.31708210401746
2025-02-09,1.8237700797366927
2025-02-10,2.65767804011826
2025-02-11,0.049114255549184825
2025-02-12,0.0
2025-02-13,0.0
2025-02-14,0.0
2025-02-15,0.0
2025-02-16,0.0
2025-02-17,0.0
2025-02-18,0.0
2025-02-19,0.0
2025-02-20,0.0
2025-02-21,0.0
2025-02-22,0.0
2025-02-23,0.0
2025-02-24,0.0
2025-02-25,0.0
2025-02-26,9.740161828810725
2025-02-27,4.443183975219262
2025-02-28,1.2929034589655206
2025-03-01,0.0
2025-03-02,0.2635954573493454
2025-03-03,1.1168881046784782
2025-03-04,3.78828675653279
2025-03-05,0.08462670434695821
2025-03-06,2.3434376408976894
2025-03-07,3.6854014605786194
2025-03-08,0.0
2025-03-09,0.0
2025-03-10,0.0
2025-03-11,0.0
2025-03-12,0.0
2025-03-13,1.388875103498711
2025-03-14,6.712773555831456
2025-03-15,0.0
2025-03-16,1.179453186374951
2025-03-17,0.0
2025-03-18,0.701914373190939
2025-03-19,0.0
2025-03-20,0.0
2025-03-21,0.0
2025-03-22,0.0
2025-03-23,0.0
2025-03-24,0.0
2025-03-25,2.919830954036521
2025-03-26,0.0
2025-03-27,0.0
2025-03-28,8.259110040360754
2025-03-29,0.0
2025-03-30,0.0
2025-03-31,2.7341671044361098
2025-04-01,0.0
2025-04-02,0.0
2025-04-03,1.0376240713834972
2025-04-04,0.4481968992623817
2025-04-05,0.0
2025-04-06,0.17335497985607862
2025-04-07,0.45536815361511446
2025-04-08,0.0
2025-04-09,0.0
2025-04-10,3.3504901125398288
2025-04-11,7.020403154597347
2025-04-12,0.03719022606051394
2025-04-13,0.03198678474214362
2025-04-14,0.49146293466893465
2025-04-15,8.03771706099585
2025-04-16,9.224490704167923
2025-04-17,0.0
2025-04-18,0.0
2025-04-19,0.0
2025-04-20,0.0
2025-04-21,0.0
2025-04-22,0.0
2025-04-23,0.0
2025-04-24,2.250619945604194
2025-04-25,8.873594535046553
2025-04-26,0.0
2025-04-27,0.0
2025-04-28,0.0
2025-04-29,0.0
2025-04-30,5.010738851382548
2025-05-01,0.17925089496047092
2025-05-02,0.25913580483296333
2025-05-03,0.9291594110029201
2025-05-04,3.187211157645692
2025-05-05,0.5170560123836561
2025-05-06,1.9289156521270525
2025-05-07,4.358972389549786
2025-05-08,0.4448048902390331
2025-05-09,0.25150033542025035
2025-05-10,0.5222373950495647
2025-05-11,0.0
2025-05-12,0.0
2025-05-13,0.0
2025-05-14,0.0
2025-05-15,0.12256228000189916
2025-05-16,0.3698511410527452
2025-05-17,0.6016835021645618
2025-05-18,0.6131079390350228
2025-05-19,0.8738293501847716
2025-05-20,0.240509935647711
2025-05-21,0.17225923831903633
2025-05-22,0.0
2025-05-23,1.0512885181147062
2025-05-24,0.0
2025-05-25,0.0
2025-05-26,8.360343927110732
2025-05-27,3.843630113026375
2025-05-28,0.0
2025-05-29,0.0
2025-05-30,0.0
2025-05-31,2.0610987184433642
2025-06-01,0.0
2025-06-02,3.3693604133315227
2025-06-03,0.0
2025-06-04,0.0
2025-06-05,0.0
2025-06-06,0.0
2025-06-07,0.2143243220498159
2025-06-08,2.4905967378974156
2025-06-09,0.0
2025-06-10,0.0
2025-06-11,0.5159632493303876
2025-06-12,0.6335148440808096
2025-06-13,0.4340853523617308
2025-06-14,0.301848697975015
2025-06-15,0.4888284889685807
2025-06-16,0.9436872437873693
2025-06-17,0.0
2025-06-18,0.0
2025-06-19,0.0
2025-06-20,0.0
2025-06-21,0.24703560929446639
2025-06-22,0.0
2025-06-23,17.753523841841552
2025-06-24,4.585270145926693
2025-06-25,5.7498636085867885
2025-06-26,0.0
2025-06-27,0.0
2025-06-28,0.08207001508112924
2025-06-29,4.558454306661681
2025-06-30,0.1594862324047618
2025-07-01,0.0001554286991841543
2025-07-02,1.0155920806817291
2025-07-03,0.7458824014271016
2025-07-04,0.016050925559163945
2025-07-05,0.9643562651786549
2025-07-06,0.0
2025-07-07,0.0
2025-07-08,0.01618314511989039
2025-07-09,0.0
2025-07-10,0.0
2025-07-11,0.010757146180460251
2025-07-12,0.019625248598571454
2025-07-13,0.0
2025-07-14,0.0
2025-07-15,0.0
2025-07-16,0.0
2025-07-17,3.2718944316974055
2025-07-18,0.0
2025-07-19,5.467799018970093
2025-07-20,0.03180686833391226
2025-07-21,0.0
2025-07-22,0.26775477520613955
2025-07-23,0.011694339339164552
2025-07-24,0.3707215328939638
2025-07-25,0.07865486335782276
2025-07-26,0.021244969380528077
2025-07-27,0.0
2025-07-28,0.5356847199649214
2025-07-29,1.347996951148659
2025-07-30,0.0
2025-07-31,0.0
2025-08-01,0.0
2025-08-02,0.0
2025-08-03,0.510181865616856
2025-08-04,0.0
2025-08-05,0.0
2025-08-06,0.0
2025-08-07,3.0422859411236836
2025-08-08,0.6803898923799734
2025-08-09,0.0
2025-08-10,1.7524360288085208
2025-08-11,0.0
2025-08-12,0.0
2025-08-13,0.0
2025-08-14,3.6486429498739583
2025-08-15,15.66671952152447
2025-08-16,11.816677668396464
2025-08-17,0.0
2025-08-18,0.0
2025-08-19,12.60454579889513
2025-08-20,0.2578670668818079
2025-08-21,0.0
2025-08-22,0.0
2025-08-23,0.0
2025-08-24,20.385334690485458
2025-08-25,0.0
2025-08-26,0.0876638088852745
2025-08-27,27.789715376272955
2025-08-28,0.0
2025-08-29,0.0
2025-08-30,1.638942787189742
2025-08-31,0.0
2025-09-01,10.585320909310706
2025-09-02,2.331243156631629
2025-09-03,3.061368977485629
2025-09-04,8.294633355757353
2025-09-05,20.82810612345704
2025-09-06,11.618594519077321
2025-09-07,9.414035793355003
2025-09-08,2.634444359577767
2025-09-09,3.3788796908069374
2025-09-10,16.512283676375358
2025-09-11,0.0
2025-09-12,0.0
2025-09-13,0.4664108898890389
2025-09-14,0.0
2025-09-15,0.2920734136730313
2025-09-16,7.204974957532949
2025-09-17,26.575163203203097
2025-09-18,2.8045375127098087
2025-09-19,19.54237119799038
2025-09-20,2.4037402947387454
2025-09-21,0.0
2025-09-22,0.0
2025-09-23,1.3688257905361352
2025-09-24,0.4918584034533751
2025-09-25,11.170155095584722
2025-09-26,15.470425954723364
2025-09-27,25.62430927305237
2025-09-28,28.737717813711715
2025-09-29,4.812052476964909
2025-09-30,0.0
