date,precip_mm_sum,soil_surface_moisture,soil_rootzone_moisture,ndvi,t2m_mean,t2m_max,t2m_min
2019-01-02,0.8805660092564405,15.272740105459524,94.76277690189852,0.2075149393930102,4.7,4.7,-0.8
2019-01-03,0.0597841869868785,15.497559351794857,94.83815406637453,0.2075149393930102,0.7,0.7,-4.1
2019-01-04,0.0021847894688836,15.722378598130192,94.91353123085055,0.2075149393930102,0.2,0.2,-5.0
2019-01-05,0.3131384999569743,15.947197844465524,94.98890839532656,0.2075149393930102,0.9,0.9,-3.0
2019-01-06,0.789432241568598,16.11332516580098,95.6514932157782,0.2075149393930102,3.0,3.0,-3.3
2019-01-07,0.0655368943683551,16.27945248713644,96.31407803622984,0.2075149393930102,-1.1,-1.1,-6.9
2019-01-08,3.762558215573735,16.445579808471894,96.97666285668149,0.2075149393930102,-0.3,-0.3,-8.3
2019-01-09,0.8777146558401324,16.206615433534022,97.50138871642993,0.2075149393930102,2.0,2.0,-4.6
2019-01-10,0.5892980442943828,15.96765105859615,98.02611457617836,0.2075149393930102,0.6,0.6,-5.7
2019-01-11,0.146838254102866,15.728686683658278,98.5508404359268,0.2075149393930102,0.3,0.3,-7.5
2019-01-12,1.4019029465161794,16.093437569589415,99.13627420963425,0.2075149393930102,2.7,2.7,-2.8
2019-01-13,2.2493587989867283,16.458188455520553,99.72170798334172,0.2075149393930102,5.5,5.5,0.4
2019-01-14,1.687374653307798,16.82293934145169,100.30714175704917,0.2075149393930102,6.4,6.4,-0.5
2019-01-15,0.0087812061034374,16.645761083717115,100.53216526218256,0.2075149393930102,3.4,3.4,-2.8
2019-01-16,1.292495147383647,16.46858282598254,100.75718876731597,0.2075149393930102,7.0,7.0,-0.1
2019-01-17,0.0425180688780164,16.291404568247966,100.98221227244936,0.2075149393930102,11.1,11.1,1.9
2019-01-18,2.046740464059953,16.43392429211008,101.21756809688459,0.2075149393930102,6.1,6.1,-3.8
2019-01-19,0.0758975284973465,16.576444015972196,101.45292392131981,0.2075149393930102,1.7,1.7,-4.3
2019-01-20,0.2569829732732441,16.71896373983431,101.68827974575504,0.2075149393930102,0.5,0.5,-3.1
2019-01-21,0.0308032908673435,17.203532098307505,102.53454911079004,0.2075149393930102,1.6,1.6,-5.8
2019-01-22,0.5680628987072653,17.6881004567807,103.38081847582502,0.2075149393930102,-0.4,-0.4,-4.8
2019-01-23,0.6205742380651366,18.172668815253893,104.22708784086002,0.2075149393930102,-1.0,-1.0,-4.1
2019-01-24,3.4456049688221886,18.169743526045895,105.36949236702316,0.2075149393930102,1.9,1.9,-2.5
2019-01-25,1.565171863242527,18.1668182368379,106.5118968931863,0.2075149393930102,-1.8,-1.8,-3.9
2019-01-26,4.724567816293374,18.163892947629904,107.65430141934944,0.2075149393930102,1.7,1.7,-5.5
2019-01-27,2.212840249971289,17.965942747545476,108.60653976437604,0.2075149393930102,3.0,3.0,-1.3
2019-01-28,1.7921714031002924,17.767992547461045,109.55877810940264,0.2075149393930102,3.2,3.2,-1.8
2019-01-29,0.0357189747785002,17.570042347376617,110.51101645442924,0.2075149393930102,5.4,5.4,-2.8
2019-01-30,0.1367863982221561,17.374068970780208,110.4218821264201,0.2075149393930102,2.4,2.4,-3.8
2019-01-31,0.0426869135659723,17.178095594183795,110.33274779841098,0.2075149393930102,4.7,4.7,-1.0
2019-02-01,2.2021494637114785,16.982122217587385,110.24361347040184,0.2075149393930102,7.2,7.2,-1.2
2019-02-02,3.9134203350726704,17.21952981464339,110.51950697040458,0.3812462646748926,13.0,13.0,6.7
2019-02-03,3.3188767576519944,17.4569374116994,110.7954004704073,0.3812462646748926,11.5,11.5,2.4
2019-02-04,0.0892229931909055,17.694345008755406,111.07129397041004,0.3812462646748926,5.5,5.5,0.7
2019-02-05,0.0704781107704984,17.169810047648564,110.06680079144444,0.3812462646748926,4.4,4.4,0.1
2019-02-06,0.0,16.645275086541726,109.06230761247882,0.3812462646748926,6.0,6.0,-3.4
2019-02-07,0.0009707886785856,16.120740125434885,108.05781443351322,0.3812462646748926,5.2,5.2,-5.9
2019-02-08,0.0014440936325438,16.69867648934552,107.68472072658898,0.3812462646748926,4.5,4.5,-4.4
2019-02-09,0.1898038434409491,17.276612853256154,107.31162701966474,0.3812462646748926,5.2,5.2,-1.3
2019-02-10,1.736789819270588,17.854549217166788,106.9385333127405,0.3812462646748926,8.0,8.0,-1.9
2019-02-11,6.368789887339486,17.26305638174239,107.0474531433629,0.3812462646748926,7.7,7.7,3.3
2019-02-12,0.9111605265242496,16.671563546317998,107.15637297398528,0.3812462646748926,5.2,5.2,-0.3
2019-02-13,0.0747410982118515,16.0800707108936,107.26529280460768,0.3812462646748926,6.1,6.1,-2.0
2019-02-14,0.0643697412410565,15.704089170891827,106.09256435532984,0.3812462646748926,10.2,10.2,1.2
2019-02-15,0.0190144338707578,15.328107630890052,104.919835906052,0.3812462646748926,9.8,9.8,-0.6
2019-02-16,0.0,14.952126090888278,103.74710745677416,0.3812462646748926,9.7,9.7,-1.9
2019-02-17,0.0,14.706239604788447,102.16308879494292,0.3812462646748926,11.6,11.6,-2.7
2019-02-18,0.0,14.460353118688616,100.57907013311167,0.3680004446555351,13.0,13.0,-0.9
2019-02-19,0.0,14.214466632588785,98.99505147128043,0.3680004446555351,12.6,12.6,-1.5
2019-02-20,0.0471862598504489,14.563665021604637,98.04940235423882,0.3680004446555351,11.3,11.3,0.8
2019-02-21,0.3781295369410806,14.91286341062049,97.10375323719721,0.3680004446555351,11.2,11.2,-1.0
2019-02-22,2.246605661784212,15.262061799636342,96.1581041201556,0.3680004446555351,10.2,10.2,-3.7
2019-02-23,0.0,14.74475851160574,95.29109223283206,0.3680004446555351,2.0,2.0,-4.6
2019-02-24,0.0,14.22745522357514,94.4240803455085,0.3680004446555351,1.8,1.8,-5.8
2019-02-25,0.2187380548454096,13.710151935544538,93.55706845818496,0.3680004446555351,6.5,6.5,-2.8
2019-02-26,0.3085252723433481,13.46629203502979,92.27183227951713,0.3680004446555351,14.4,14.4,-2.2
2019-02-27,0.0008283235012618,13.22243213451504,90.98659610084931,0.3680004446555351,12.1,12.1,2.3
2019-02-28,0.0353634030552991,12.978572234000293,89.70135992218148,0.3680004446555351,17.5,17.5,1.3
2019-03-01,0.4459745182815133,12.869360947245577,88.52858186812908,0.3680004446555351,13.4,13.4,6.8
2019-03-02,0.1664618757106779,12.760149660490862,87.35580381407667,0.3680004446555351,9.5,9.5,4.0
2019-03-03,0.0273558058907067,12.650938373736146,86.18302576002426,0.3680004446555351,11.0,11.0,3.9
2019-03-04,2.4443728784349985,12.57473128873313,85.44653069776957,0.3680004446555351,17.5,17.5,4.6
2019-03-05,0.8459588823549865,12.498524203730112,84.7100356355149,0.3680004446555351,13.4,13.4,4.7
2019-03-06,0.7553805721071877,12.422317118727095,83.97354057326021,0.4128088371818398,12.1,12.1,2.3
2019-03-07,4.427575203302999,12.607368565909612,83.17825524173553,0.4128088371818398,17.3,17.3,7.4
2019-03-08,1.2400703114938516,12.792420013092128,82.38296991021085,0.4128088371818398,14.5,14.5,6.4
2019-03-09,0.4249180471787679,12.977471460274645,81.58768457868617,0.4128088371818398,15.0,15.0,5.6
2019-03-10,1.8136521215646624,12.753341930678834,81.49391081543862,0.4128088371818398,13.2,13.2,7.8
2019-03-11,2.5720111682219917,12.529212401083026,81.40013705219107,0.4128088371818398,12.0,12.0,3.3
2019-03-12,0.4283905348241211,12.305082871487215,81.30636328894353,0.4128088371818398,9.9,9.9,0.5
2019-03-13,0.2975832569315507,12.711493202574177,81.07042299402114,0.4128088371818398,10.8,10.8,-1.3
2019-03-14,0.4215355726240433,13.11790353366114,80.83448269909876,0.4128088371818398,10.5,10.5,2.4
2019-03-15,1.3901991509589866,13.524313864748102,80.59854240417637,0.4128088371818398,12.6,12.6,4.6
2019-03-16,2.40625003017982,12.917911940304524,80.49207756229848,0.4128088371818398,10.3,10.3,6.1
2019-03-17,0.0,12.311510015860947,80.38561272042057,0.4128088371818398,20.9,20.9,4.9
2019-03-18,0.0764149631212837,11.705108091417369,80.27914787854267,0.4128088371818398,12.6,12.6,6.1
2019-03-19,0.0295806996903093,11.358776738944673,79.22060042042581,0.4128088371818398,10.9,10.9,2.8
2019-03-20,0.0,11.012445386471976,78.16205296230893,0.4128088371818398,13.0,13.0,0.3
2019-03-21,0.0006674477824667,10.66611403399928,77.10350550419207,0.4128088371818398,13.2,13.2,-1.5
2019-03-22,0.0,10.541780939577103,75.50558451140844,0.4566912185477057,16.9,16.9,-0.3
2019-03-23,0.0,10.417447845154927,73.90766351862483,0.4566912185477057,18.7,18.7,5.8
2019-03-24,0.0,10.29311475073275,72.3097425258412,0.4566912185477057,21.5,21.5,5.0
2019-03-25,0.6555326943473083,10.115166735990906,71.24750849323216,0.4566912185477057,15.5,15.5,7.2
2019-03-26,0.172397023909903,9.93721872124906,70.1852744606231,0.4566912185477057,12.4,12.4,3.7
2019-03-27,0.2575268526149979,9.759270706507216,69.12304042801406,0.4566912185477057,11.3,11.3,2.3
2019-03-28,0.0,9.37386039809913,67.69480932138471,0.4566912185477057,14.4,14.4,-1.1
2019-03-29,0.0080672733724015,8.98845008969104,66.26657821475534,0.4566912185477057,16.7,16.7,3.0
2019-03-30,0.0,8.603039781282954,64.83834710812599,0.4566912185477057,19.0,19.0,2.6
2019-03-31,0.0,8.495245068271442,63.33500316523124,0.4566912185477057,21.4,21.4,4.1
2019-04-01,0.0,8.387450355259933,61.831659222336505,0.4566912185477057,20.4,20.4,7.9
2019-04-02,0.003589457453053,8.279655642248422,60.32831527944176,0.4566912185477057,19.3,19.3,6.0
2019-04-03,0.0167008569017324,8.695135840508671,59.51511876137515,0.4566912185477057,19.9,19.9,8.1
2019-04-04,0.0316348612688774,9.110616038768923,58.70192224330853,0.4566912185477057,21.0,21.0,8.6
2019-04-05,1.5539855774606472,9.526096237029172,57.88872572524192,0.4566912185477057,20.5,20.5,9.1
2019-04-06,0.7420958465304881,9.002682736521722,57.86053985690502,0.4566912185477057,14.8,14.8,7.0
2019-04-07,0.001706914430962,8.47926923601427,57.832353988568116,0.5684043365757091,19.1,19.1,6.4
2019-04-08,0.3124124031041551,7.95585573550682,57.80416812023122,0.5684043365757091,22.4,22.4,8.7
2019-04-09,0.1759856223635031,8.982601401471213,57.9051403019289,0.5684043365757091,21.9,21.9,9.8
2019-04-10,7.316096578969959,10.009347067435604,58.00611248362658,0.5684043365757091,20.7,20.7,10.5
2019-04-11,5.578204870846958,11.036092733399997,58.107084665324265,0.5684043365757091,16.1,16.1,8.1
2019-04-12,0.628931190371251,10.406042243337685,59.44403443677216,0.5684043365757091,10.9,10.9,6.5
2019-04-13,0.4229909958431001,9.775991753275376,60.78098420822004,0.5684043365757091,11.5,11.5,6.7
2019-04-14,0.0898340085868093,9.145941263213064,62.11793397966793,0.5684043365757091,13.3,13.3,6.6
2019-04-15,0.0921829279151466,8.706774734358529,61.24514978211789,0.5684043365757091,15.8,15.8,7.3
2019-04-16,0.339136123409245,8.267608205503992,60.37236558456785,0.5684043365757091,16.8,16.8,4.6
2019-04-17,0.0856059948839076,7.828441676649455,59.49958138701781,0.5684043365757091,15.5,15.5,5.2
2019-04-18,0.0133106286856719,7.580467701584112,58.018204914174945,0.5684043365757091,18.7,18.7,7.7
2019-04-19,0.0259411068376266,7.332493726518768,56.53682844133207,0.5684043365757091,22.3,22.3,7.8
2019-04-20,0.0162311145107335,7.084519751453425,55.0554519684892,0.5684043365757091,21.0,21.0,7.4
2019-04-21,0.1658761742033014,7.142569905571607,53.90331368076739,0.5684043365757091,22.3,22.3,8.6
2019-04-22,1.2193372470685502,7.20062005968979,52.75117539304558,0.5684043365757091,22.7,22.7,6.3
2019-04-23,3.3966839616916142,7.258670213807972,51.59903710532377,0.626215265432749,13.6,13.6,9.8
2019-04-24,2.061274339568264,7.534754548562385,50.58052907736161,0.626215265432749,23.9,23.9,8.8
2019-04-25,0.7581475451459676,7.810838883316798,49.56202104939945,0.626215265432749,25.4,25.4,12.6
2019-04-26,4.677676439665431,8.086923218071211,48.54351302143729,0.626215265432749,28.4,28.4,13.5
2019-04-27,9.15985052721288,9.1045610658659,50.375064419854176,0.626215265432749,17.8,17.8,10.7
2019-04-28,1.3677906104645134,10.122198913660588,52.20661581827106,0.626215265432749,14.9,14.9,10.0
2019-04-29,0.4625903109921032,11.139836761455276,54.038167216687945,0.626215265432749,14.3,14.3,9.0
2019-04-30,5.39228950282898,10.436300093601744,55.581876544631704,0.626215265432749,16.1,16.1,7.6
2019-05-01,3.6848784291922496,9.732763425748214,57.12558587257547,0.626215265432749,18.9,18.9,10.4
2019-05-02,0.1286622734606367,9.029226757894682,58.66929520051923,0.626215265432749,21.5,21.5,10.4
2019-05-03,4.0284146273671055,11.679240040546325,61.29845699734647,0.626215265432749,19.2,19.2,10.5
2019-05-04,1.7075938708189158,14.32925332319797,63.9276187941737,0.626215265432749,14.6,14.6,9.1
2019-05-05,2.472602059168539,16.979266605849613,66.55678059100094,0.626215265432749,13.2,13.2,7.5
2019-05-06,7.999955762031424,15.400482963075316,69.68276099631203,0.626215265432749,8.0,8.0,5.4
2019-05-07,2.175492535406706,13.821699320301017,72.80874140162312,0.626215265432749,13.7,13.7,5.5
2019-05-08,0.0775052497846333,12.24291567752672,75.9347218069342,0.626215265432749,17.5,17.5,2.5
2019-05-09,7.079027704939612,12.274777787542083,76.86718265894265,0.6904370693833034,12.4,12.4,8.4
2019-05-10,0.0,12.30663989755745,77.79964351095111,0.6904370693833034,18.6,18.6,7.7
2019-05-11,5.088519410653635,12.338502007572814,78.73210436295956,0.6904370693833034,21.5,21.5,8.3
2019-05-12,4.134590283341433,13.873570801903025,80.7667167431595,0.6904370693833034,23.0,23.0,11.4
2019-05-13,5.6317003402702985,15.408639596233236,82.80132912335945,0.6904370693833034,22.0,22.0,8.6
2019-05-14,2.5050033499828923,16.943708390563447,84.8359415035594,0.6904370693833034,9.9,9.9,7.6
2019-05-15,7.414439076611719,15.333453932704575,86.89543672740464,0.6904370693833034,12.5,12.5,6.4
2019-05-16,0.253121654750943,13.723199474845703,88.95493195124988,0.6904370693833034,15.4,15.4,5.4
2019-05-17,0.6804417208726307,12.112945016986831,91.01442717509512,0.6904370693833034,16.8,16.8,6.1
2019-05-18,0.3100387487121697,13.58550627408928,91.09737044800876,0.6904370693833034,21.8,21.8,6.9
2019-05-19,11.101750114038436,15.058067531191728,91.1803137209224,0.6904370693833034,23.2,23.2,12.2
2019-05-20,4.609560198418787,16.530628788294177,91.26325699383604,0.6904370693833034,21.1,21.1,12.2
2019-05-21,1.3850592729760105,16.174930065136397,93.38399699436495,0.6904370693833034,18.7,18.7,12.2
2019-05-22,3.653713730003589,15.81923134197862,95.50473699489385,0.6904370693833034,19.3,19.3,12.9
2019-05-23,0.7140391799441888,15.46353261882084,97.62547699542276,0.6904370693833034,16.4,16.4,11.6
2019-05-24,0.9862980531157756,14.817119579138158,96.59141698080649,0.6904370693833034,18.7,18.7,11.2
2019-05-25,0.0021433388798952,14.170706539455475,95.55735696619023,0.7318200066882407,22.7,22.7,11.4
2019-05-26,0.1600025009157088,13.524293499772792,94.52329695157395,0.7318200066882407,24.8,24.8,10.4
2019-05-27,11.140131784492857,15.732142442931961,97.71829407419038,0.7318200066882407,22.4,22.4,15.1
2019-05-28,11.756141756323666,17.93999138609113,100.91329119680681,0.7318200066882407,21.4,21.4,13.1
2019-05-29,18.45745245739267,20.147840329250297,104.10828831942324,0.7318200066882407,20.7,20.7,13.1
2019-05-30,5.827287553062315,18.452689363434295,106.22030751541952,0.7318200066882407,17.2,17.2,12.8
2019-05-31,0.3486302567407255,16.757538397618298,108.3323267114158,0.7318200066882407,20.6,20.6,12.4
2019-06-01,0.9206420517672372,15.062387431802296,110.44434590741209,0.7318200066882407,23.8,23.8,14.2
2019-06-02,0.1292301905868098,15.09427586785418,109.11344832704668,0.7318200066882407,24.2,24.2,15.3
2019-06-03,1.4957902793986335,15.12616430390606,107.78255074668128,0.7318200066882407,26.0,26.0,16.3
2019-06-04,2.489149102264175,15.158052739957943,106.45165316631588,0.7318200066882407,25.3,25.3,15.9
2019-06-05,3.372010441203124,14.33803954014005,105.38676507751815,0.7318200066882407,22.8,22.8,15.0
2019-06-06,1.060055462226409,13.518026340322155,104.32187698872043,0.7318200066882407,22.9,22.9,14.9
2019-06-07,1.2994729434918364,12.698013140504262,103.2569888999227,0.7318200066882407,25.7,25.7,17.0
2019-06-08,0.0008639099158905,11.894235758250078,99.69274332434486,0.7318200066882407,28.8,28.8,15.6
2019-06-09,0.2405646455434598,11.090458375995896,96.128497748767,0.7318200066882407,27.7,27.7,15.4
2019-06-10,0.2228939730728042,10.286680993741712,92.56425217318916,0.7301226378421155,29.7,29.7,19.2
2019-06-11,1.1095924087986908,9.75966161361225,88.89784403960616,0.7301226378421155,29.1,29.1,19.8
2019-06-12,2.160858439109913,9.232642233482789,85.23143590602315,0.7301226378421155,30.3,30.3,18.9
2019-06-13,0.6042536358959729,8.705622853353328,81.56502777244015,0.7301226378421155,32.1,32.1,20.1
2019-06-14,0.7550758397811022,9.349485421955615,78.76920574741,0.7301226378421155,32.3,32.3,19.9
2019-06-15,0.8274171942096835,9.9933479905579,75.97338372237984,0.7301226378421155,32.9,32.9,18.4
2019-06-16,13.437281505252432,10.637210559160188,73.17756169734969,0.7301226378421155,31.8,31.8,20.3
2019-06-17,3.9994978512194574,11.075360738051806,72.89087001257906,0.7301226378421155,27.6,27.6,19.4
2019-06-18,1.7726667038077428,11.513510916943423,72.60417832780841,0.7301226378421155,27.7,27.7,18.3
2019-06-19,8.348655118456897,11.95166109583504,72.31748664303778,0.7301226378421155,27.1,27.1,19.5
2019-06-20,2.0328375780978805,12.930735093207554,73.96763597120011,0.7301226378421155,26.2,26.2,18.1
2019-06-21,4.228287858517746,13.909809090580067,75.61778529936244,0.7301226378421155,29.2,29.2,18.0
2019-06-22,19.854230474970567,14.88888308795258,77.26793462752477,0.7301226378421155,26.9,26.9,18.1
2019-06-23,10.831836094336689,13.193639420705606,78.72770404237998,0.7301226378421155,24.6,24.6,19.2
2019-06-24,1.659709731741984,11.498395753458635,80.18747345723521,0.7301226378421155,27.0,27.0,18.9
2019-06-25,0.2790717199708572,9.80315208621166,81.64724287209043,0.7301226378421155,30.2,30.2,20.3
2019-06-26,0.0,9.890055597442053,79.83544889066252,0.7143413230906486,31.8,31.8,20.5
2019-06-27,5.584653551859384,9.976959108672448,78.0236549092346,0.7143413230906486,32.3,32.3,21.3
2019-06-28,0.0127399080593512,10.06386261990284,76.21186092780668,0.7143413230906486,26.6,26.6,18.9
2019-06-29,0.0,9.352789589610527,73.72530635016929,0.7143413230906486,26.4,26.4,17.1
2019-06-30,0.0,8.641716559318214,71.2387517725319,0.7143413230906486,28.9,28.9,15.7
2019-07-01,1.6529674477263472,7.9306435290259,68.7521971948945,0.7143413230906486,33.2,33.2,18.2
2019-07-02,0.3165282415807565,7.731129507243655,66.6409034711048,0.7143413230906486,31.9,31.9,19.5
2019-07-03,1.1732654553785486,7.531615485461411,64.52960974731509,0.7143413230906486,28.5,28.5,20.2
2019-07-04,0.0712182478033748,7.332101463679166,62.41831602352539,0.7143413230906486,26.0,26.0,17.1
2019-07-05,0.0030223359103477,7.741445590776301,60.7245744654049,0.7143413230906486,27.8,27.8,16.1
2019-07-06,0.9260412763795156,8.150789717873437,59.03083290728441,0.7143413230906486,30.8,30.8,17.6
2019-07-07,13.25371200272342,8.560133844970572,57.33709134916392,0.7143413230906486,29.8,29.8,19.2
2019-07-08,0.443204022342953,7.997314317793967,56.504853612430225,0.7143413230906486,23.0,23.0,17.7
2019-07-09,0.4307708881110043,7.434494790617363,55.67261587569652,0.7143413230906486,23.6,23.6,15.8
2019-07-10,0.0073936911559718,6.871675263440758,54.840378138962826,0.7143413230906486,21.8,21.8,14.4
2019-07-11,0.2631862777483226,7.450205278159539,54.127126691281624,0.7143413230906486,23.7,23.7,12.3
2019-07-12,1.4644620949795948,8.028735292878322,53.413875243600415,0.6954243317720875,21.6,21.6,11.4
2019-07-13,4.844911394797364,8.607265307597103,52.70062379591921,0.6954243317720875,20.5,20.5,15.0
2019-07-14,1.036366993123648,7.724304534454548,51.97121552898664,0.6954243317720875,22.3,22.3,14.4
2019-07-15,0.0668027590570338,6.841343761311992,51.24180726205406,0.6954243317720875,24.0,24.0,13.8
2019-07-16,0.0,5.958382988169437,50.51239899512149,0.6954243317720875,25.5,25.5,14.2
2019-07-17,0.3455614505783097,5.802226779231837,48.76251550817278,0.6954243317720875,24.7,24.7,14.8
2019-07-18,0.4646520875544553,5.646070570294237,47.01263202122408,0.6954243317720875,23.5,23.5,15.1
2019-07-19,0.1287386392618655,5.489914361356637,45.262748534275374,0.6954243317720875,27.0,27.0,14.1
2019-07-20,0.6797633854907733,5.39145507857807,43.90173610429837,0.6954243317720875,30.3,30.3,16.4
2019-07-21,3.3244621667075327,5.292995795799503,42.54072367432138,0.6954243317720875,31.4,31.4,18.7
2019-07-22,0.1386804270383463,5.194536513020936,41.179711244344375,0.6954243317720875,27.7,27.7,18.6
2019-07-23,0.0,5.438895902370182,39.87714981866644,0.6954243317720875,28.9,28.9,17.6
2019-07-24,0.0021925324817269,5.683255291719427,38.57458839298851,0.6954243317720875,27.3,27.3,18.1
2019-07-25,0.0514243163823852,5.927614681068673,37.27202696731057,0.6954243317720875,28.6,28.6,19.2
2019-07-26,8.145877067521438,7.606066708627136,39.67749897773178,0.6954243317720875,29.9,29.9,19.0
2019-07-27,12.394198290837355,9.2845187361856,42.08297098815298,0.6954243317720875,28.1,28.1,19.1
2019-07-28,9.471717426440684,10.962970763744062,44.488442998574186,0.6910990716078423,29.8,29.8,18.9
2019-07-29,1.2854271279023757,9.957920912633554,46.48293453514635,0.6910990716078423,25.2,25.2,18.6
2019-07-30,0.8660350450722826,8.952871061523046,48.47742607171852,0.6910990716078423,30.2,30.2,19.0
2019-07-31,6.596362008825119,7.947821210412539,50.47191760829068,0.6910990716078423,28.6,28.6,20.9
2019-08-01,2.132481308295213,8.232483138521964,51.381596716923795,0.6910990716078423,27.9,27.9,19.4
2019-08-02,13.920955255776038,8.51714506663139,52.29127582555691,0.6910990716078423,26.9,26.9,17.2
2019-08-03,1.612595646033672,8.801806994740813,53.20095493419002,0.6910990716078423,24.4,24.4,16.8
2019-08-04,0.0,8.239259218061216,52.521394422022674,0.6910990716078423,22.9,22.9,14.7
2019-08-05,0.0,7.676711441381618,51.84183390985532,0.6910990716078423,26.4,26.4,13.9
2019-08-06,0.8024026996636898,7.114163664702021,51.16227339768797,0.6910990716078423,28.9,28.9,17.8
2019-08-07,2.653168784389114,6.7688878718244,50.30336616910492,0.6910990716078423,30.2,30.2,19.2
2019-08-08,1.4399087853313215,6.423612078946778,49.44445894052186,0.6910990716078423,24.9,24.9,18.5
2019-08-09,0.9582731209998782,6.078336286069157,48.58555171193881,0.6910990716078423,29.4,29.4,17.1
2019-08-10,0.3651750747292981,6.788810591005276,47.57750152833853,0.6910990716078423,31.4,31.4,19.1
2019-08-11,0.0,7.499284895941393,46.569451344738255,0.6910990716078423,31.1,31.1,21.4
2019-08-12,0.2820173719094775,8.209759200877512,45.56140116113797,0.6910990716078423,33.9,33.9,19.9
2019-08-13,5.02779287820305,7.93470525003243,47.71895310304247,0.6733251264787646,27.3,27.3,20.6
2019-08-14,11.656886313340827,7.659651299187348,49.87650504494698,0.6733251264787646,20.7,20.7,14.1
2019-08-15,0.0,7.384597348342266,52.03405698685148,0.6733251264787646,23.4,23.4,12.6
2019-08-16,0.6556890457155641,6.843303180518573,50.86595287778951,0.6733251264787646,23.2,23.2,12.6
2019-08-17,0.3122617396100258,6.302009012694879,49.69784876872753,0.6733251264787646,25.2,25.2,14.2
2019-08-18,0.0024863867389681,5.760714844871186,48.52974465966556,0.6733251264787646,28.0,28.0,16.0
2019-08-19,0.1112080680381966,5.926542892073452,46.78564908288141,0.6733251264787646,30.6,30.6,17.7
2019-08-20,0.0772623611915456,6.092370939275719,45.04155350609727,0.6733251264787646,31.9,31.9,18.3
2019-08-21,0.0559973059768057,6.258198986477986,43.297457929313126,0.6733251264787646,28.8,28.8,19.0
2019-08-22,0.0866744322922472,6.833383018546063,43.3040137950685,0.6733251264787646,28.2,28.2,17.8
2019-08-23,0.3800816736832812,7.40856705061414,43.31056966082387,0.6733251264787646,29.8,29.8,18.7
2019-08-24,1.4922893853081147,7.983751082682217,43.31712552657925,0.6733251264787646,29.4,29.4,20.0
2019-08-25,4.55436402509129,7.331493046363854,44.003453770529696,0.6733251264787646,29.3,29.3,21.1
2019-08-26,2.466358234913692,6.679235010045491,44.689782014480144,0.6733251264787646,27.8,27.8,19.8
2019-08-27,1.0314718822914342,6.026976973727128,45.37611025843059,0.6733251264787646,28.4,28.4,19.4
2019-08-28,0.0430076134638201,5.766557464414718,44.12891991016383,0.6733251264787646,31.5,31.5,20.0
2019-08-29,0.9473493553635972,5.506137955102307,42.88172956189706,0.6267432899066957,32.0,32.0,19.5
2019-08-30,0.6110521105534009,5.2457184457898975,41.6345392136303,0.6267432899066957,31.1,31.1,19.1
2019-08-31,0.1177391677340888,5.582073101375497,41.022245475715266,0.6267432899066957,31.5,31.5,20.6
2019-09-01,0.92106799671819,5.918427756961096,40.409951737800235,0.6267432899066957,30.0,30.0,18.6
2019-09-02,1.8641287450212636,6.254782412546695,39.7976579998852,0.6267432899066957,30.6,30.6,18.6
2019-09-03,0.8946086312295792,6.041049192654145,39.328774905544186,0.6267432899066957,18.0,18.0,15.5
2019-09-04,0.0,5.827315972761595,38.85989181120317,0.6267432899066957,23.3,23.3,12.8
2019-09-05,0.0,5.613582752869045,38.39100871686215,0.6267432899066957,24.4,24.4,10.7
2019-09-06,0.1410030999136653,8.016849040983525,40.28696961973838,0.6267432899066957,25.3,25.3,13.0
2019-09-07,9.184599263576851,10.420115329098003,42.182930522614605,0.6267432899066957,25.0,25.0,15.9
2019-09-08,5.923563156351295,12.823381617212483,44.07889142549083,0.6267432899066957,22.5,22.5,14.6
2019-09-09,17.727560600614343,11.128609436040014,47.614568334422636,0.6267432899066957,21.6,21.6,13.6
2019-09-10,0.000801300154343,9.433837254867543,51.15024524335444,0.6267432899066957,20.9,20.9,9.2
2019-09-11,0.0180000470179968,7.739065073695073,54.685922152286246,0.6267432899066957,24.3,24.3,11.2
2019-09-12,0.2712246254179644,7.352777561734484,53.53057817478359,0.6267432899066957,24.9,24.9,15.1
2019-09-13,0.0479601401825563,6.9664900497738955,52.37523419728094,0.6267432899066957,24.7,24.7,12.9
2019-09-14,0.1590526680588442,6.580202537813307,51.219890219778286,0.5992007323620383,22.2,22.2,14.4
2019-09-15,0.011954564870214,6.704386817528642,50.09783812663907,0.5992007323620383,21.9,21.9,10.4
2019-09-16,0.0110869128442675,6.828571097243976,48.97578603349986,0.5992007323620383,26.2,26.2,12.3
2019-09-17,0.6219057797550773,6.952755376959311,47.85373394036064,0.5992007323620383,22.9,22.9,15.6
2019-09-18,0.1638282521704742,6.681037197331348,47.15373390208727,0.5992007323620383,17.3,17.3,8.3
2019-09-19,0.0,6.409319017703385,46.453733863813895,0.5992007323620383,17.3,17.3,6.9
2019-09-20,0.0,6.137600838075422,45.75373382554052,0.5992007323620383,16.1,16.1,6.1
2019-09-21,0.0,6.452623576371947,45.030029856859464,0.5992007323620383,18.1,18.1,4.6
2019-09-22,0.2819289412068314,6.767646314668472,44.30632588817841,0.5992007323620383,20.3,20.3,7.2
2019-09-23,4.331709440712265,7.082669052964996,43.58262191949735,0.5992007323620383,16.9,16.9,13.4
2019-09-24,0.9900159684777948,7.50057875453125,44.507497845319456,0.5992007323620383,20.4,20.4,12.4
2019-09-25,0.923408725297645,7.918488456097505,45.43237377114156,0.5992007323620383,21.2,21.2,13.1
2019-09-26,8.963524412534857,8.336398157663758,46.35724969696367,0.5992007323620383,20.7,20.7,12.6
2019-09-27,0.0158447660218085,7.7818852847513345,46.3684607593693,0.5992007323620383,22.3,22.3,9.4
2019-09-28,0.5746915797007676,7.22737241183891,46.379671821774934,0.5992007323620383,21.9,21.9,14.3
2019-09-29,0.0234758047628417,6.672859538926486,46.39088288418056,0.5992007323620383,21.2,21.2,13.8
2019-09-30,0.0079091585316734,7.550332960218155,46.71540669022389,0.5761716895526932,25.4,25.4,13.4
2019-10-01,0.0,8.427806381509823,47.03993049626722,0.5761716895526932,21.6,21.6,10.7
2019-10-02,0.9888452517708376,9.305279802801492,47.36445430231054,0.5761716895526932,23.9,23.9,13.4
2019-10-03,1.2489639849058154,9.450600788888966,49.48327112155741,0.5761716895526932,14.5,14.5,8.1
2019-10-04,0.0,9.595921774976441,51.60208794080428,0.5761716895526932,14.7,14.7,6.9
2019-10-05,0.4137532003095019,9.741242761063916,53.72090476005115,0.5761716895526932,14.5,14.5,7.5
2019-10-06,1.017441308312771,9.335665965427728,54.49917490904062,0.5761716895526932,13.4,13.4,7.5
2019-10-07,0.0,8.930089169791538,55.27744505803008,0.5761716895526932,11.7,11.7,5.3
2019-10-08,0.0,8.52451237415535,56.05571520701955,0.5761716895526932,13.5,13.5,3.4
2019-10-09,0.1596945984387588,8.408267079584105,56.10088727455311,0.5761716895526932,19.4,19.4,7.9
2019-10-10,3.69788969616165,8.29202178501286,56.14605934208666,0.5761716895526932,15.4,15.4,9.9
2019-10-11,2.4699623559911785,8.175776490441615,56.191231409620215,0.5761716895526932,17.8,17.8,8.4
2019-10-12,0.4886820917622629,7.880244652837226,55.36196577434364,0.5761716895526932,19.8,19.8,8.3
2019-10-13,0.9974157954276468,7.584712815232838,54.53270013906706,0.5761716895526932,21.7,21.7,9.7
2019-10-14,0.0138607297201166,7.289180977628449,53.70343450379048,0.5761716895526932,22.2,22.2,9.0
2019-10-15,0.2829653134156639,7.17034961518834,52.74000179326797,0.5761716895526932,22.7,22.7,10.2
2019-10-16,3.320685627862016,7.051518252748231,51.77656908274546,0.5051521557976384,20.8,20.8,9.5
2019-10-17,0.1342363855921392,6.932686890308122,50.81313637222295,0.5051521557976384,20.9,20.9,9.3
2019-10-18,0.0086200168695859,6.789663988321589,49.92000554146299,0.5051521557976384,20.8,20.8,9.6
2019-10-19,0.0949809349771696,6.646641086335057,49.02687471070304,0.5051521557976384,21.8,21.8,10.1
2019-10-20,0.5680927616899002,6.503618184348524,48.13374387994308,0.5051521557976384,23.4,23.4,11.9
2019-10-21,1.311537080912941,6.375019203178141,47.18403088768183,0.5051521557976384,24.1,24.1,13.6
2019-10-22,0.348254652566033,6.2464202220077585,46.23431789542058,0.5051521557976384,24.2,24.2,11.4
2019-10-23,0.7022124189477221,6.117821240837375,45.28460490315933,0.5051521557976384,24.6,24.6,11.3
2019-10-24,0.0,6.04043561956788,44.437940651328084,0.5051521557976384,22.8,22.8,10.5
2019-10-25,0.4019579347232806,5.963049998298386,43.591276399496834,0.5051521557976384,22.4,22.4,7.2
2019-10-26,0.0,5.885664377028891,42.74461214766559,0.5051521557976384,19.3,19.3,7.2
2019-10-27,0.0,6.418948017406176,42.5715216645101,0.5051521557976384,19.7,19.7,6.8
2019-10-28,0.310202668986579,6.952231657783461,42.39843118135461,0.5051521557976384,17.8,17.8,6.3
2019-10-29,3.324187330040059,7.485515298160746,42.22534069819912,0.5051521557976384,10.4,10.4,5.1
2019-10-30,0.5938130841640152,7.405454090486699,42.64060030470033,0.5051521557976384,9.1,9.1,3.1
2019-10-31,0.1590121601962451,7.325392882812651,43.055859911201544,0.5051521557976384,9.0,9.0,-0.1
2019-11-01,0.162813676007933,7.245331675138604,43.47111951770275,0.4820240784113863,9.4,9.4,1.0
2019-11-02,3.841744900735782,9.839426816816722,45.69208573668625,0.4820240784113863,11.7,11.7,4.0
2019-11-03,4.1063179880321,12.433521958494842,47.913051955669744,0.4820240784113863,16.5,16.5,9.6
2019-11-04,3.6480092102937554,15.02761710017296,50.13401817465324,0.4820240784113863,15.4,15.4,8.5
2019-11-05,4.645112712881194,14.45683818907561,56.18506888257034,0.4820240784113863,18.2,18.2,9.0
2019-11-06,8.626588163310924,13.88605927797826,62.23611959048745,0.4820240784113863,13.3,13.3,8.3
2019-11-07,0.6162250065133187,13.31528036688091,68.28717029840455,0.4820240784113863,13.2,13.2,7.4
2019-11-08,0.6043443207366418,13.779434558810546,71.41534170972025,0.4820240784113863,11.8,11.8,7.0
2019-11-09,1.8672327147283811,14.243588750740182,74.54351312103594,0.4820240784113863,15.2,15.2,7.9
2019-11-10,6.590899454286318,14.70774294266982,77.67168453235165,0.4820240784113863,9.9,9.9,6.4
2019-11-11,0.4913763351333045,14.577114084607663,79.64406276826196,0.4820240784113863,10.6,10.6,3.3
2019-11-12,6.453782162773165,14.446485226545509,81.61644100417226,0.4820240784113863,15.1,15.1,4.8
2019-11-13,9.584046139075948,14.315856368483352,83.58881924008257,0.4820240784113863,18.4,18.4,7.3
2019-11-14,4.080089637819828,14.185227510421196,85.56119747599288,0.4820240784113863,11.1,11.1,3.4
2019-11-15,2.142582833989529,14.054598652359042,87.53357571190318,0.4820240784113863,13.0,13.0,8.3
2019-11-16,3.104731460202822,13.923969794296886,89.5059539478135,0.4820240784113863,16.6,16.6,10.6
2019-11-17,1.561421618318917,14.431694417279726,89.91107222564247,0.5063725750704482,15.8,15.8,9.9
2019-11-18,1.1225852996949084,14.939419040262564,90.31619050347146,0.5063725750704482,14.7,14.7,6.8
2019-11-19,1.12156377816334,15.447143663245404,90.72130878130044,0.5063725750704482,14.0,14.0,6.3
2019-11-20,5.316409540533692,15.167433289945041,92.24869258709334,0.5063725750704482,10.8,10.8,7.7
2019-11-21,0.0584430135472766,14.887722916644679,93.77607639288625,0.5063725750704482,13.2,13.2,9.1
2019-11-22,1.3516982451480175,14.608012543344316,95.30346019867916,0.5063725750704482,10.9,10.9,4.2
2019-11-23,0.0062822820120019,14.453296774618513,95.25306850119459,0.5063725750704482,8.6,8.6,3.3
2019-11-24,0.0985171253875122,14.298581005892713,95.20267680371,0.5063725750704482,10.3,10.3,3.6
2019-11-25,0.0,14.14386523716691,95.15228510622543,0.5063725750704482,9.4,9.4,3.1
2019-11-26,0.0,15.128602842034168,95.79184914180209,0.5063725750704482,10.7,10.7,4.8
2019-11-27,6.805667755166071,16.113340446901425,96.43141317737874,0.5063725750704482,9.4,9.4,5.1
2019-11-28,1.009162700214527,17.09807805176868,97.0709772129554,0.5063725750704482,12.7,12.7,6.5
2019-11-29,0.0568682272503406,17.059223459931648,98.20399998782993,0.5063725750704482,12.3,12.3,6.1
2019-11-30,0.3385045967622097,17.02036886809461,99.33702276270446,0.5063725750704482,6.3,6.3,-2.6
2019-12-01,0.9912573888887054,16.981514276257577,100.470045537579,0.5063725750704482,4.1,4.1,-4.4
2019-12-02,9.514268701798022,16.73989552519859,101.44369458846084,0.5063725750704482,1.2,1.2,-1.8
2019-12-03,0.7495662907811645,16.498276774139608,102.41734363934269,0.5046723691396401,4.2,4.2,-2.6
2019-12-04,0.0,16.25665802308062,103.39099269022454,0.5046723691396401,0.8,0.8,-3.8
2019-12-05,0.0,16.232040945373207,103.56217810985622,0.5046723691396401,2.9,2.9,-3.2
2019-12-06,0.0,16.20742386766579,103.73336352948792,0.5046723691396401,1.8,1.8,-1.2
2019-12-07,0.2878461263147726,16.182806789958374,103.9045489491196,0.5046723691396401,6.1,6.1,0.4
2019-12-08,0.0318893855840859,16.23582273855411,103.95696895411614,0.5046723691396401,6.6,6.6,0.9
2019-12-09,0.001854118820861,16.28883868714985,104.00938895911267,0.5046723691396401,9.6,9.6,4.1
2019-12-10,0.0,16.341854635745584,104.0618089641092,0.5046723691396401,6.6,6.6,2.8
2019-12-11,0.0,16.80922261747544,104.82132854856509,0.5046723691396401,5.2,5.2,-0.6
2019-12-12,0.0,17.276590599205303,105.580848133021,0.5046723691396401,4.2,4.2,0.6
2019-12-13,2.019266923016128,17.74395858093516,106.34036771747688,0.5046723691396401,4.5,4.5,1.5
2019-12-14,1.7911454891665688,18.26765630532414,107.5404861388756,0.5046723691396401,6.9,6.9,2.4
2019-12-15,0.5513924721762974,18.79135402971312,108.7406045602743,0.5046723691396401,8.6,8.6,2.2
2019-12-16,0.2730350872360592,19.3150517541021,109.94072298167302,0.5046723691396401,13.2,13.2,2.8
2019-12-17,2.2450409979037285,,,0.5046723691396401,14.7,14.7,8.8
2019-12-18,0.8561524285090961,,,0.5046723691396401,14.5,14.5,7.3
2019-12-19,1.8192371049552871,20.886144927269036,113.54107824586914,0.4738738784767161,11.3,11.3,5.3
2019-12-20,0.6905834370589843,21.409842651658018,114.74119666726786,0.4738738784767161,11.3,11.3,4.1
2019-12-21,14.268099853948154,21.933540376047,115.94131508866657,0.4738738784767161,12.1,12.1,10.0
2019-12-22,8.414046875936156,22.457238100435976,117.14143351006528,0.4738738784767161,10.6,10.6,4.0
2019-12-23,3.917379988401376,21.893453590642064,118.80342700576516,0.4738738784767161,7.9,7.9,5.7
2019-12-24,1.767591876025205,21.329669080848152,120.46542050146505,0.4738738784767161,9.0,9.0,3.0
2019-12-25,0.0244844483271629,20.76588457105424,122.12741399716492,0.4738738784767161,8.1,8.1,4.6
2019-12-26,0.0,20.202100061260328,123.7894074928648,0.4738738784767161,7.2,7.2,0.6
2019-12-27,0.1171399628640693,19.638315551466416,125.45140098856469,0.4738738784767161,6.1,6.1,-0.2
2019-12-28,0.1020979681615371,19.074531041672504,127.11339448426456,0.4738738784767161,4.2,4.2,-0.4
2019-12-29,0.0,18.85050586278331,125.72341911480525,0.4738738784767161,2.1,2.1,-4.5
2019-12-30,0.0,18.626480683894123,124.33344374534595,0.4738738784767161,1.5,1.5,-5.7
2019-12-31,0.061858199892012,18.40245550500493,122.94346837588664,0.4738738784767161,4.2,4.2,-3.0
2020-01-01,0.0073905878176354,18.371128429448117,121.68534820218896,0.4640088915763666,5.9,5.9,-3.5
2020-01-02,0.0177583428074717,18.339801353891303,120.42722802849127,0.4640088915763666,4.4,4.4,-4.8
2020-01-03,0.0009555218087839,18.30847427833449,119.1691078547936,0.4640088915763666,-0.0,-0.0,-3.5
2020-01-04,0.563340349893253,18.22849799311097,118.65092733959486,0.4640088915763666,5.2,5.2,-2.7
2020-01-05,0.0,18.14852170788745,118.13274682439614,0.4640088915763666,3.9,3.9,-2.7
2020-01-06,0.0,18.06854542266393,117.6145663091974,0.4640088915763666,2.3,2.3,-5.3
2020-01-07,0.0,17.887339922419372,116.8587557883858,0.4640088915763666,3.0,3.0,-5.6
2020-01-08,0.0,17.70613442217481,116.10294526757423,0.4640088915763666,2.3,2.3,-5.9
2020-01-09,0.0034562651956189,17.52492892193025,115.34713474676263,0.4640088915763666,3.6,3.6,-3.6
2020-01-10,0.0,17.40767217510475,114.49809635169972,0.4640088915763666,4.3,4.3,-3.8
2020-01-11,0.0,17.290415428279246,113.6490579566368,0.4640088915763666,7.0,7.0,-2.9
2020-01-12,0.0,17.173158681453746,112.80001956157388,0.4640088915763666,4.9,4.9,-3.8
2020-01-13,0.0559915384094403,17.066569452144893,112.03139144790818,0.4640088915763666,0.3,0.3,-3.0
2020-01-14,0.0054404026924601,16.95998022283604,111.26276333424248,0.4640088915763666,-0.1,-0.1,-3.2
2020-01-15,0.0,16.85339099352719,110.49413522057678,0.4640088915763666,0.3,0.3,-2.3
2020-01-16,0.0,17.04373420276222,110.26952130705519,0.4640088915763666,0.5,0.5,-2.0
2020-01-17,0.0017392677116961,17.234077411997248,110.04490739353358,0.4457526029675715,-0.8,-0.8,-2.4
2020-01-18,0.0725126502950344,17.42442062123228,109.82029348001198,0.4457526029675715,1.1,1.1,-2.6
2020-01-19,0.0637500230709561,17.19894941000023,109.74035807953523,0.4457526029675715,0.4,0.4,-2.9
2020-01-20,0.0,16.973478198768174,109.66042267905846,0.4457526029675715,3.3,3.3,-1.7
2020-01-21,0.0,16.748006987536122,109.5804872785817,0.4457526029675715,1.6,1.6,-3.6
2020-01-22,0.00225342554417,16.73713646398835,109.0221029757466,0.4457526029675715,2.1,2.1,-3.7
2020-01-23,0.0,16.72626594044058,108.4637186729115,0.4457526029675715,4.8,4.8,-3.6
2020-01-24,0.0,16.715395416892807,107.9053343700764,0.4457526029675715,3.7,3.7,-5.1
2020-01-25,0.0579717240704559,17.472743823801803,107.98813768048866,0.4457526029675715,1.9,1.9,-5.3
2020-01-26,0.0387605416534405,18.2300922307108,108.07094099090094,0.4457526029675715,1.6,1.6,-2.6
2020-01-27,0.4788184746387798,18.987440637619795,108.1537443013132,0.4457526029675715,3.5,3.5,-1.4
2020-01-28,8.703765666803681,18.614174716277866,110.19420522677017,0.4457526029675715,5.9,5.9,-0.0
2020-01-29,2.6635026918872846,18.240908794935933,112.23466615222715,0.4457526029675715,4.4,4.4,-0.7
2020-01-30,0.1467670183207453,17.867642873594004,114.27512707768412,0.4457526029675715,6.4,6.4,0.1
2020-01-31,3.176167446744373,18.355322736843487,114.77540201268955,0.4457526029675715,10.8,10.8,1.3
2020-02-01,0.2265900308552661,18.84300260009297,115.275676947695,0.4457526029675715,13.7,13.7,3.2
2020-02-02,1.688729075478781,19.330682463342452,115.77595188270044,0.4385179188407387,13.4,13.4,8.3
2020-02-03,3.99941610261374,19.431848292583176,118.0353791362338,0.4385179188407387,11.5,11.5,6.2
2020-02-04,8.062692665969797,19.533014121823896,120.29480638976715,0.4385179188407387,8.8,8.8,3.7
2020-02-05,0.2149782863171394,19.63417995106462,122.5542336433005,0.4385179188407387,7.8,7.8,-1.4
2020-02-06,0.0597407105275765,19.45027173314523,122.42413632495322,0.4385179188407387,4.8,4.8,-2.4
2020-02-07,0.0976105141045996,19.266363515225834,122.29403900660596,0.4385179188407387,8.0,8.0,-0.2
2020-02-08,0.0,19.08245529730644,122.16394168825867,0.4385179188407387,3.7,3.7,-2.8
2020-02-09,0.0047411043660094,,,0.4385179188407387,8.3,8.3,-3.3
2020-02-10,4.215527794407336,,,0.4385179188407387,14.2,14.2,3.2
2020-02-11,0.6288180095102955,,,0.4385179188407387,10.1,10.1,3.7
2020-02-12,0.0358209975545517,,,0.4385179188407387,7.9,7.9,1.6
2020-02-13,1.256963794194909,,,0.4385179188407387,8.1,8.1,0.1
2020-02-14,5.4480182247766855,17.979005989790082,121.38335777817503,0.4385179188407387,10.2,10.2,2.9
2020-02-15,0.0,17.795097771870687,121.25326045982774,0.4385179188407387,8.9,8.9,0.5
2020-02-16,0.2403030067911409,17.61118955395129,121.12316314148048,0.4385179188407387,10.4,10.4,0.4
2020-02-17,0.0397467312691862,17.4272813360319,120.9930658231332,0.4385179188407387,13.1,13.1,4.1
2020-02-18,0.0,17.472985940849405,119.75796402466547,0.4474644442759011,11.4,11.4,2.3
2020-02-19,0.0407812186219155,17.518690545666907,118.52286222619776,0.4474644442759011,10.1,10.1,-1.5
2020-02-20,0.0005082363993762,17.564395150484412,117.28776042773003,0.4474644442759011,8.7,8.7,-0.7
2020-02-21,0.0094443287740147,17.383380267799847,116.53060698250655,0.4474644442759011,8.4,8.4,-1.3
2020-02-22,0.647048986320828,17.20236538511528,115.77345353728307,0.4474644442759011,9.0,9.0,-2.7
2020-02-23,2.093205882340727,17.021350502430714,115.0163000920596,0.4474644442759011,12.3,12.3,3.3
2020-02-24,0.3032385873442473,17.530727790813433,114.84185961535265,0.4474644442759011,14.8,14.8,4.4
2020-02-25,0.4277166007553624,18.040105079196152,114.66741913864568,0.4474644442759011,15.5,15.5,3.2
2020-02-26,2.4535978714512265,18.54948236757887,114.49297866193874,0.4474644442759011,8.9,8.9,2.5
2020-02-27,1.0585977829302728,18.759142390540674,114.89030346529886,0.4474644442759011,8.0,8.0,2.2
2020-02-28,2.5630272368318665,18.968802413502477,115.28762826865896,0.4474644442759011,7.3,7.3,0.4
2020-02-29,0.3157735659670961,19.17846243646428,115.68495307201908,0.4474644442759011,9.0,9.0,-3.1
2020-03-01,2.705187397138503,19.66570107338506,118.12832286257904,0.4474644442759011,13.8,13.8,4.8
2020-03-02,6.386427418166093,20.152939710305837,120.57169265313898,0.4474644442759011,13.3,13.3,7.7
2020-03-03,15.7712335493073,20.640178347226616,123.01506244369894,0.4474644442759011,13.7,13.7,6.7
2020-03-04,0.9748681720616854,20.726483681175623,124.62580132670915,0.4474644442759011,6.7,6.7,0.7
2020-03-05,0.01494570627379,20.812789015124626,126.23654020971937,0.4902135397969997,9.7,9.7,-1.7
2020-03-06,0.1246698210432051,20.899094349073632,127.84727909272958,0.4902135397969997,6.7,6.7,3.1
2020-03-07,0.334770215165767,20.265353165068532,128.17626501025694,0.4902135397969997,10.4,10.4,3.4
2020-03-08,0.0021394900849043,19.631611981063436,128.5052509277843,0.4902135397969997,8.7,8.7,1.1
2020-03-09,0.0560216202250855,18.997870797058336,128.83423684531166,0.4902135397969997,10.2,10.2,-1.7
2020-03-10,0.0070445516721105,18.810458043610446,127.96638629256375,0.4902135397969997,12.9,12.9,-1.1
2020-03-11,0.8486056507022753,18.62304529016256,127.09853573981583,0.4902135397969997,14.4,14.4,5.4
2020-03-12,0.09959935308961,18.435632536714667,126.23068518706792,0.4902135397969997,19.3,19.3,7.8
2020-03-13,0.2775461424294861,18.01704675974585,125.1357615707575,0.4902135397969997,13.5,13.5,4.5
2020-03-14,0.0,17.598460982777034,124.04083795444707,0.4902135397969997,11.5,11.5,1.7
2020-03-15,0.0,17.179875205808216,122.94591433813665,0.4902135397969997,8.3,8.3,-0.9
2020-03-16,0.0,16.723329954008495,121.15212102438112,0.4902135397969997,11.2,11.2,-0.9
2020-03-17,0.0490859711597569,16.266784702208774,119.35832771062557,0.4902135397969997,14.4,14.4,-2.3
2020-03-18,0.0023630231021282,15.810239450409052,117.56453439687004,0.4902135397969997,17.3,17.3,0.8
2020-03-19,0.0011258771138381,16.008256556583405,115.701182858813,0.4902135397969997,18.3,18.3,2.7
2020-03-20,0.0083261662140426,16.206273662757756,113.83783132075597,0.4902135397969997,19.0,19.0,3.1
2020-03-21,0.0467478989864287,16.404290768932107,111.97447978269892,0.5019061844585262,16.2,16.2,4.0
2020-03-22,0.0,16.423254721178544,111.03981406103243,0.5019061844585262,6.5,6.5,-1.7
2020-03-23,0.0,16.442218673424982,110.10514833936593,0.5019061844585262,1.2,1.2,-3.9
2020-03-24,0.0,16.46118262567142,109.17048261769943,0.5019061844585262,6.4,6.4,-0.4
2020-03-25,0.5664733776354297,15.785909926870195,108.00751794999351,0.5019061844585262,5.3,5.3,-0.1
2020-03-26,5.269000388016462,15.110637228068969,106.8445532822876,0.5019061844585262,13.3,13.3,0.7
2020-03-27,0.007932165997234,14.435364529267744,105.68158861458168,0.5019061844585262,16.0,16.0,3.5
2020-03-28,0.0489170057100671,14.330474443315287,104.00614783467455,0.5019061844585262,17.3,17.3,3.1
2020-03-29,0.0045977246382908,14.225584357362832,102.33070705476742,0.5019061844585262,16.9,16.9,1.9
2020-03-30,0.0449366305220659,14.120694271410375,100.65526627486028,0.5019061844585262,6.6,6.6,0.2
2020-03-31,0.0191978246950002,13.800791753805806,99.15375953747808,0.5019061844585262,7.2,7.2,-1.6
2020-04-01,0.298664047250716,13.480889236201234,97.65225280009588,0.5019061844585262,8.3,8.3,-2.5
2020-04-02,0.1981380759993548,13.160986718596664,96.15074606271368,0.5019061844585262,10.5,10.5,-1.9
2020-04-03,0.3835826311476437,12.812490044596302,94.36697298688621,0.5019061844585262,14.4,14.4,-2.1
2020-04-04,0.0681157004365351,12.46399337059594,92.58319991105874,0.5019061844585262,15.4,15.4,2.4
2020-04-05,0.0592786650732247,12.115496696595578,90.79942683523127,0.5019061844585262,17.5,17.5,6.2
2020-04-06,0.0052872653651008,11.66074433260658,88.7974607390677,0.5779983252801564,16.9,16.9,4.1
2020-04-07,0.3107301885336128,11.205991968617582,86.79549464290412,0.5779983252801564,17.8,17.8,2.3
2020-04-08,0.0365409308313208,10.751239604628584,84.79352854674055,0.5779983252801564,19.8,19.8,2.5
2020-04-09,0.078561335757448,10.588807980850767,82.70104410456555,0.5779983252801564,21.0,21.0,4.2
2020-04-10,0.3331501496392334,10.426376357072948,80.60855966239056,0.5779983252801564,20.4,20.4,7.3
2020-04-11,0.0,10.263944733295132,78.51607522021557,0.5779983252801564,19.5,19.5,4.5
2020-04-12,0.0,10.50933287807358,77.63064378735992,0.5779983252801564,20.9,20.9,5.5
2020-04-13,0.3623487265694649,10.754721022852031,76.74521235450428,0.5779983252801564,22.1,22.1,11.6
2020-04-14,3.919135618593523,11.00010916763048,75.85978092164862,0.5779983252801564,12.3,12.3,3.4
2020-04-15,0.0008708855334857,10.402598191189057,74.32358926547593,0.5779983252801564,12.8,12.8,-0.2
2020-04-16,0.0,9.805087214747635,72.78739760930324,0.5779983252801564,19.0,19.0,3.4
2020-04-17,0.0702104502582455,9.207576238306212,71.25120595313055,0.5779983252801564,24.2,24.2,7.3
2020-04-18,0.1283457478109803,9.060478726586318,69.79540548832645,0.5779983252801564,22.0,22.0,9.8
2020-04-19,0.6806406304747122,8.913381214866423,68.33960502352235,0.5779983252801564,21.5,21.5,10.0
2020-04-20,0.0495008053446657,8.766283703146529,66.88380455871825,0.5779983252801564,16.4,16.4,6.7
2020-04-21,2.167674198689979,8.502786507145274,65.22356464216918,0.5779983252801564,18.6,18.6,5.8
2020-04-22,0.0829757557311869,8.23928931114402,63.563324725620106,0.6238479874151165,18.0,18.0,5.4
2020-04-23,0.0,7.975792115142765,61.90308480907103,0.6238479874151165,19.6,19.6,8.0
2020-04-24,0.0498550723995368,7.739664969370959,60.2990982118047,0.6238479874151165,21.1,21.1,5.0
2020-04-25,3.5560230045490138,7.503537823599154,58.69511161453836,0.6238479874151165,22.0,22.0,8.1
2020-04-26,0.0,7.267410677827348,57.09112501727203,0.6238479874151165,18.0,18.0,4.5
2020-04-27,0.0,7.828357219071956,56.23107066311994,0.6238479874151165,19.7,19.7,3.7
2020-04-28,0.0719406136895592,8.389303760316563,55.37101630896784,0.6238479874151165,23.0,23.0,10.1
2020-04-29,4.162592038366619,8.950250301561171,54.51096195481575,0.6238479874151165,20.8,20.8,12.2
2020-04-30,0.5065293121207093,9.008314619764489,55.39681088546364,0.6238479874151165,21.5,21.5,11.4
2020-05-01,2.60236574451309,9.066378937967807,56.28265981611152,0.6238479874151165,17.1,17.1,9.3
2020-05-02,3.1037468438620817,9.124443256171125,57.16850874675941,0.6238479874151165,19.7,19.7,9.5
2020-05-03,0.2277463529074677,8.726796562135032,57.01060396380965,0.6238479874151165,17.1,17.1,9.6
2020-05-04,0.0,8.329149868098941,56.852699180859894,0.6238479874151165,19.0,19.0,6.7
2020-05-05,0.0340625113102389,7.93150317406285,56.69479439791014,0.6238479874151165,18.9,18.9,7.6
2020-05-06,0.1443823999339057,7.438916283837047,55.55325883352756,0.6238479874151165,14.3,14.3,6.5
2020-05-07,0.0057913255631491,6.9463293936112445,54.41172326914497,0.6238479874151165,19.0,19.0,7.8
2020-05-08,0.0,6.453742503385442,53.27018770476239,0.6646829213708948,20.5,20.5,6.6
2020-05-09,0.0333677196919518,6.281885977994223,51.52835012539558,0.6646829213708948,24.4,24.4,9.5
2020-05-10,1.8725674089137163,6.110029452603005,49.786512546028774,0.6646829213708948,25.6,25.6,12.8
2020-05-11,0.9316050007421892,5.938172927211786,48.044674966661965,0.6646829213708948,25.8,25.8,14.0
2020-05-12,0.0038992272673625,6.264848539108706,47.110139765710095,0.6646829213708948,17.5,17.5,4.5
2020-05-13,3.3169407638771924,6.5915241510056255,46.175604564758224,0.6646829213708948,22.2,22.2,3.4
2020-05-14,0.7684878128111245,6.918199762902545,45.24106936380635,0.6646829213708948,20.4,20.4,9.6
2020-05-15,0.6848067436743204,6.534485382754658,45.022339022011764,0.6646829213708948,20.7,20.7,8.6
2020-05-16,1.5687123914147334,6.150771002606771,44.80360868021717,0.6646829213708948,18.0,18.0,8.3
2020-05-17,3.937147536869951,5.767056622458884,44.58487833842258,0.6646829213708948,17.9,17.9,11.0
2020-05-18,0.7506185487336695,5.79832695904357,43.6280192103218,0.6646829213708948,23.5,23.5,8.7
2020-05-19,4.297143992988455,5.829597295628257,42.671160082221036,0.6646829213708948,24.5,24.5,11.1
2020-05-20,5.29211528449638,5.860867632212943,41.71430095412026,0.6646829213708948,19.6,19.6,13.3
2020-05-21,0.1759284806776939,6.692093835373367,41.669195100519126,0.6646829213708948,19.9,19.9,10.2
2020-05-22,0.271488739274248,7.52332003853379,41.624089246918,0.6646829213708948,19.8,19.8,6.9
2020-05-23,5.067185217183942,8.354546241694214,41.57898339331686,0.6646829213708948,20.4,20.4,11.9
2020-05-24,5.834190963220607,7.963166305212388,43.11155598082533,0.682202293452025,19.4,19.4,11.8
2020-05-25,3.683984757636444,7.571786368730562,44.644128568333805,0.682202293452025,18.7,18.7,9.7
2020-05-26,2.314925424890089,7.180406432248736,46.176701155842274,0.682202293452025,18.7,18.7,10.0
2020-05-27,1.6081962321588947,7.056857592224944,46.013334243962305,0.682202293452025,20.3,20.3,10.6
2020-05-28,0.0563174525248218,6.933308752201151,45.849967332082336,0.682202293452025,20.3,20.3,11.0
2020-05-29,0.2102904990193642,6.809759912177359,45.68660042020237,0.682202293452025,19.6,19.6,10.7
2020-05-30,0.0,6.586725091303073,45.46218171317379,0.682202293452025,17.1,17.1,11.4
2020-05-31,0.2866620682608548,6.363690270428787,45.23776300614522,0.682202293452025,13.9,13.9,9.4
2020-06-01,2.5778214688886303,6.140655449554501,45.013344299116646,0.682202293452025,21.1,21.1,11.6
2020-06-02,1.51486654295063,6.431940809626266,44.60299935176994,0.682202293452025,19.0,19.0,10.5
2020-06-03,4.040275511719008,6.723226169698031,44.19265440442323,0.682202293452025,20.2,20.2,10.3
2020-06-04,1.6739914558775562,7.014511529769796,43.78230945707652,0.682202293452025,24.2,24.2,11.5
2020-06-05,7.077960412217657,6.961339263695952,43.67906688236016,0.682202293452025,23.3,23.3,16.9
2020-06-06,0.0324839316785917,6.908166997622109,43.5758243076438,0.682202293452025,24.1,24.1,15.9
2020-06-07,6.041225042654565,6.854994731548265,43.47258173292744,0.682202293452025,25.7,25.7,15.9
2020-06-08,5.488635973675735,8.11488987079005,45.22433735712983,0.682202293452025,24.3,24.3,15.3
2020-06-09,4.331819345398209,9.374785010031836,46.97609298133222,0.7029841372905941,23.6,23.6,14.1
2020-06-10,2.7385008158412933,10.63468014927362,48.72784860553462,0.7029841372905941,21.2,21.2,15.8
2020-06-11,3.324885341822512,10.234349821254266,49.474712674821426,0.7029841372905941,22.0,22.0,14.2
2020-06-12,3.2231608006998997,9.834019493234914,50.22157674410823,0.7029841372905941,25.1,25.1,15.4
2020-06-13,3.5913000648490163,9.43368916521556,50.96844081339504,0.7029841372905941,28.2,28.2,16.5
2020-06-14,8.634522297808125,10.754219029351772,53.72131359866754,0.7029841372905941,26.4,26.4,18.6
2020-06-15,10.750797105852582,12.074748893487984,56.47418638394005,0.7029841372905941,22.6,22.6,17.3
2020-06-16,4.7246123868053305,13.395278757624196,59.22705916921255,0.7029841372905941,23.1,23.1,16.4
2020-06-17,11.009044033419642,13.682295950171707,63.42184749527065,0.7029841372905941,22.6,22.6,17.2
2020-06-18,4.208816901827067,13.969313142719217,67.61663582132874,0.7029841372905941,22.1,22.1,16.7
2020-06-19,0.4456866335126743,14.256330335266728,71.81142414738684,0.7029841372905941,22.9,22.9,16.0
2020-06-20,1.5964768996794074,13.609255620206389,74.76480973769996,0.7029841372905941,20.8,20.8,15.6
2020-06-21,1.4315617384480326,12.96218090514605,77.71819532801308,0.7029841372905941,22.0,22.0,14.5
2020-06-22,2.6038107078335133,12.31510619008571,80.6715809183262,0.7029841372905941,24.0,24.0,16.7
2020-06-23,0.059229949554497,11.63842169795685,79.68054765293894,0.7029841372905941,25.2,25.2,17.3
2020-06-24,0.0,10.961737205827989,78.6895143875517,0.7029841372905941,23.6,23.6,14.2
2020-06-25,0.9950535709075758,10.285052713699129,77.69848112216444,0.7302716446532821,24.8,24.8,13.8
2020-06-26,5.088524604570909,10.08941853344026,76.17078174838326,0.7302716446532821,26.5,26.5,17.1
2020-06-27,2.0392353420622067,9.89378435318139,74.6430823746021,0.7302716446532821,29.8,29.8,19.6
2020-06-28,1.0665986876037388,9.69815017292252,73.11538300082093,0.7302716446532821,30.2,30.2,18.8
2020-06-29,5.863891321531212,9.93955755370134,71.98235385095867,0.7302716446532821,31.1,31.1,17.4
2020-06-30,0.0,10.180964934480157,70.8493247010964,0.7302716446532821,26.8,26.8,16.2
2020-07-01,3.898099318869801,10.422372315258976,69.71629555123415,0.7302716446532821,30.2,30.2,16.8
2020-07-02,10.176130970164389,10.160998774349041,70.24892055835116,0.7302716446532821,28.1,28.1,19.7
2020-07-03,0.7639435972879819,9.899625233439107,70.78154556546818,0.7302716446532821,25.9,25.9,18.7
2020-07-04,0.0035477449455151,9.638251692529172,71.31417057258518,0.7302716446532821,26.5,26.5,18.3
2020-07-05,0.0,9.505472396612747,70.3318459021831,0.7302716446532821,28.6,28.6,16.8
2020-07-06,0.972015801030773,9.372693100696324,69.34952123178101,0.7302716446532821,29.7,29.7,17.9
2020-07-07,1.5589470334482938,9.2399138047799,68.36719656137893,0.7302716446532821,21.8,21.8,15.0
2020-07-08,0.0012034539077918,9.007612245911835,66.57272687436188,0.7302716446532821,24.5,24.5,12.0
2020-07-09,0.0,8.775310687043772,64.7782571873448,0.7302716446532821,28.8,28.8,15.6
2020-07-10,0.0166263011227045,8.543009128175708,62.98378750032774,0.7302716446532821,31.2,31.2,18.7
2020-07-11,3.568694511566078,8.210388430591452,62.5142305592507,0.7164458392653361,32.1,32.1,15.5
2020-07-12,2.034749296305121,7.877767733007197,62.04467361817366,0.7164458392653361,20.6,20.6,13.2
2020-07-13,0.0,7.545147035422941,61.57511667709662,0.7164458392653361,22.4,22.4,11.6
2020-07-14,0.0,8.766811202016902,60.42112116773407,0.7164458392653361,22.9,22.9,12.7
2020-07-15,0.0625359106992006,9.988475368610864,59.26712565837153,0.7164458392653361,24.7,24.7,12.3
2020-07-16,0.9945115900656996,11.210139535204824,58.11313014900899,0.7164458392653361,23.4,23.4,14.0
2020-07-17,11.059021384999037,11.327766528034795,61.330021099147,0.7164458392653361,18.1,18.1,14.5
2020-07-18,6.633835095063176,11.445393520864766,64.546912049285,0.7164458392653361,21.5,21.5,14.0
2020-07-19,3.825633019977937,11.563020513694736,67.763802999423,0.7164458392653361,22.4,22.4,14.5
2020-07-20,0.5487101541370275,10.702321878372462,67.39239521023683,0.7164458392653361,26.0,26.0,14.9
2020-07-21,0.8994993726325454,9.841623243050188,67.02098742105063,0.7164458392653361,29.4,29.4,17.2
2020-07-22,1.0883046668696557,8.980924607727914,66.64957963186446,0.7164458392653361,27.8,27.8,18.0
2020-07-23,0.5870074327676319,10.346811801115283,68.1475462624146,0.7164458392653361,25.2,25.2,17.4
2020-07-24,12.542034972905682,11.712698994502654,69.64551289296472,0.7164458392653361,27.4,27.4,16.1
2020-07-25,11.235611253571582,13.078586187890023,71.14347952351486,0.7164458392653361,22.1,22.1,17.6
2020-07-26,4.259262702004632,11.568400133335023,71.01395311144253,0.7164458392653361,25.5,25.5,16.7
2020-07-27,0.5121213028790399,10.058214078780026,70.88442669937022,0.7261957977270403,27.4,27.4,17.9
2020-07-28,3.1568560089417703,8.548028024225026,70.7549002872979,0.7261957977270403,30.7,30.7,16.7
2020-07-29,3.586531806200507,8.094042086907985,68.46034371571395,0.7261957977270403,30.9,30.9,19.2
2020-07-30,0.0014899571100292,7.640056149590943,66.16578714413,0.7261957977270403,32.3,32.3,21.3
2020-07-31,0.0145182483643858,7.186070212273901,63.87123057254605,0.7261957977270403,31.7,31.7,19.8
2020-08-01,0.3563063943067154,8.725857429181376,62.61317465274646,0.7261957977270403,29.2,29.2,18.9
2020-08-02,0.0,10.265644646088852,61.35511873294687,0.7261957977270403,27.9,27.9,17.0
2020-08-03,5.7642835596909325,11.805431862996327,60.09706281314728,0.7261957977270403,30.1,30.1,18.1
2020-08-04,14.725417177067794,10.92487116549562,62.31041861392467,0.7261957977270403,29.3,29.3,20.4
2020-08-05,5.244139752521834,10.044310467994915,64.52377441470205,0.7261957977270403,24.9,24.9,18.0
2020-08-06,0.5024359770199672,9.163749770494208,66.73713021547944,0.7261957977270403,29.5,29.5,19.6
2020-08-07,0.2141092232054582,8.51747825131605,64.8863072150088,0.7261957977270403,30.9,30.9,20.6
2020-08-08,0.0667440522974217,7.871206732137892,63.035484214538165,0.7261957977270403,31.6,31.6,21.1
2020-08-09,0.2086032994771869,7.224935212959733,61.18466121406753,0.7261957977270403,30.6,30.6,21.4
2020-08-10,1.1404787714651103,7.394600921388274,59.71485052135801,0.7261957977270403,31.1,31.1,21.2
2020-08-11,2.146237961021612,7.564266629816814,58.24503982864848,0.7261957977270403,28.6,28.6,20.2
2020-08-12,0.0396738226373726,7.733932338245355,56.77522913593896,0.7120381068619182,29.4,29.4,19.3
2020-08-13,3.809710010041501,8.342376270780546,56.350715734510935,0.7120381068619182,29.9,29.9,18.1
2020-08-14,1.124926521566273,8.95082020331574,55.92620233308292,0.7120381068619182,24.7,24.7,18.1
2020-08-15,2.501176605091916,9.559264135850931,55.5016889316549,0.7120381068619182,27.2,27.2,18.9
2020-08-16,3.281323698107732,10.600199610335366,57.80258367535094,0.7120381068619182,28.1,28.1,18.8
2020-08-17,13.139750605819913,11.641135084819803,60.10347841904697,0.7120381068619182,28.2,28.2,18.9
2020-08-18,5.898825757870773,12.682070559304238,62.40437316274301,0.7120381068619182,24.0,24.0,17.0
2020-08-19,5.018324153582605,11.227390577073365,63.05829369853616,0.7120381068619182,25.1,25.1,17.3
2020-08-20,0.0,9.77271059484249,63.71221423432931,0.7120381068619182,26.8,26.8,16.1
2020-08-21,0.0,8.318030612611617,64.36613477012246,0.7120381068619182,28.9,28.9,16.6
2020-08-22,0.882849065288973,8.20068356433746,63.139185216922044,0.7120381068619182,29.9,29.9,17.7
2020-08-23,0.437812618795607,8.083336516063303,61.91223566372163,0.7120381068619182,26.7,26.7,19.1
2020-08-24,0.1421302403348253,7.965989467789147,60.68528611052122,0.7120381068619182,26.6,26.6,15.7
2020-08-25,0.8366404126659674,7.573866261145474,59.096257330400505,0.7120381068619182,26.0,26.0,15.7
2020-08-26,0.2055473279255035,7.181743054501801,57.5072285502798,0.7120381068619182,28.5,28.5,13.9
2020-08-27,0.1035879338732173,6.789619847858128,55.918199770159084,0.7120381068619182,25.6,25.6,17.1
2020-08-28,0.0392445527311364,8.030229516695044,54.588318532827934,0.6697376103681196,27.9,27.9,16.4
2020-08-29,1.1432433788804677,9.270839185531962,53.258437295496776,0.6697376103681196,32.4,32.4,18.8
2020-08-30,2.049831053491133,10.51144885436888,51.928556058165626,0.6697376103681196,33.2,33.2,20.6
2020-08-31,3.539078714460865,10.061679106167583,54.66425050203509,0.6697376103681196,24.3,24.3,18.3
2020-09-01,8.953305721967023,9.611909357966287,57.39994494590456,0.6697376103681196,21.2,21.2,13.9
2020-09-02,0.0057076850942956,9.16213960976499,60.13563938977402,0.6697376103681196,21.0,21.0,12.3
2020-09-03,0.0,8.917588244859147,59.238392253802736,0.6697376103681196,22.7,22.7,9.8
2020-09-04,0.0,8.673036879953301,58.34114511783146,0.6697376103681196,24.4,24.4,12.2
2020-09-05,0.0,8.428485515047457,57.443897981860175,0.6697376103681196,26.4,26.4,13.6
2020-09-06,0.8699655686126826,8.05394106342877,56.97429403258844,0.6697376103681196,27.6,27.6,14.9
2020-09-07,0.0802892874835717,7.679396611810084,56.5046900833167,0.6697376103681196,26.0,26.0,15.9
2020-09-08,0.0041546753555791,7.304852160191397,56.03508613404497,0.6697376103681196,23.4,23.4,13.9
2020-09-09,0.0,6.982141527115596,54.33287961940986,0.6697376103681196,25.2,25.2,11.2
2020-09-10,0.0,6.6594308940397955,52.63067310477475,0.6697376103681196,26.7,26.7,12.4
2020-09-11,0.0295772350827316,6.336720260963994,50.92846659013964,0.6697376103681196,26.9,26.9,16.5
2020-09-12,0.1088127035459253,6.11238198705199,49.25078571900029,0.6697376103681196,28.1,28.1,16.0
2020-09-13,0.0125450910652146,5.888043713139986,47.57310484786093,0.5990612059131187,29.0,29.0,18.4
2020-09-14,0.0427798401919006,5.663705439227982,45.89542397672158,0.5990612059131187,29.0,29.0,17.1
2020-09-15,0.0148810215032244,5.583333884959729,44.50854241728051,0.5990612059131187,29.6,29.6,18.2
2020-09-16,0.0361045781347853,5.502962330691475,43.121660857839444,0.5990612059131187,29.0,29.0,18.0
2020-09-17,3.60474524982418,5.422590776423222,41.73477929839837,0.5990612059131187,28.7,28.7,16.9
2020-09-18,1.2883026069310024,5.2700621415064095,40.629003543891365,0.5990612059131187,21.9,21.9,13.0
2020-09-19,0.0362374457782519,5.117533506589597,39.52322778938435,0.5990612059131187,21.4,21.4,10.3
2020-09-20,0.0822292505095746,4.965004871672784,38.41745203487734,0.5990612059131187,23.2,23.2,10.5
2020-09-21,0.0,5.292980358458727,37.56172879060726,0.5990612059131187,24.8,24.8,11.6
2020-09-22,0.0271980363439119,5.62095584524467,36.706005546337174,0.5990612059131187,26.3,26.3,12.7
2020-09-23,0.6072294974686312,5.948931332030613,35.85028230206709,0.5990612059131187,25.8,25.8,15.0
2020-09-24,0.0687239269824889,8.381686034680632,39.431994617696816,0.5990612059131187,24.1,24.1,14.6
2020-09-25,8.59380373175474,10.81444073733065,43.013706933326546,0.5990612059131187,24.0,24.0,16.5
2020-09-26,7.2863192371992,13.247195439980668,46.59541924895627,0.5990612059131187,16.5,16.5,9.0
2020-09-27,8.509359867099148,12.993387083772113,50.216823945072505,0.5990612059131187,16.1,16.1,8.1
2020-09-28,11.107333703553854,12.739578727563558,53.83822864118875,0.5990612059131187,20.4,20.4,12.3
2020-09-29,2.8217935870829787,12.485770371355002,57.459633337304986,0.5790340659880969,16.0,16.0,10.3
2020-09-30,3.5468180960214117,12.48890915957301,60.5695097919049,0.5790340659880969,16.2,16.2,10.7
2020-10-01,0.3114964890692337,12.492047947791017,63.679386246504805,0.5790340659880969,15.4,15.4,11.8
2020-10-02,0.9427154859515152,12.495186736009025,66.78926270110472,0.5790340659880969,20.6,20.6,10.7
2020-10-03,10.585822666577265,12.264942282048057,69.20036140198005,0.5790340659880969,26.0,26.0,14.8
2020-10-04,6.142656224339932,12.034697828087092,71.61146010285539,0.5790340659880969,21.3,21.3,13.8
2020-10-05,2.88125698761266,11.804453374126124,74.02255880373072,0.5790340659880969,22.0,22.0,11.7
2020-10-06,4.421717094224221,12.211686575248251,75.14814345478146,0.5790340659880969,19.9,19.9,11.2
2020-10-07,2.9658247823097703,12.618919776370378,76.27372810583219,0.5790340659880969,15.2,15.2,12.3
2020-10-08,1.60863633566522,13.026152977492504,77.39931275688294,0.5790340659880969,17.9,17.9,9.8
2020-10-09,0.0,14.740083965328415,79.38565905709498,0.5790340659880969,19.3,19.3,7.2
2020-10-10,0.0443217202161912,16.454014953164325,81.37200535730705,0.5790340659880969,19.7,19.7,9.2
2020-10-11,5.190846669868318,18.167945941000237,83.3583516575191,0.5790340659880969,14.2,14.2,10.6
2020-10-12,17.202418030684587,19.094365998040914,92.8309228956567,0.5790340659880969,11.9,11.9,8.0
2020-10-13,16.663206693036233,20.020786055081594,102.3034941337943,0.5790340659880969,9.4,9.4,5.0
2020-10-14,1.8169778592403891,20.94720611212227,111.7760653719319,0.5790340659880969,14.0,14.0,5.3
2020-10-15,5.874053646407991,20.260218172674847,112.7987638337575,0.5566537352174501,13.0,13.0,6.9
2020-10-16,0.0,19.573230233227424,113.82146229558312,0.5566537352174501,12.7,12.7,4.9
2020-10-17,0.0,18.88624229378,114.84416075740872,0.5566537352174501,9.4,9.4,6.0
2020-10-18,0.0364332176203337,18.199254354332577,115.86685921923431,0.5566537352174501,11.5,11.5,4.9
2020-10-19,0.0,17.512266414885154,116.88955768105993,0.5566537352174501,13.5,13.5,5.2
2020-10-20,0.2449859064853655,16.82527847543773,117.91225614288552,0.5566537352174501,14.0,14.0,5.4
2020-10-21,0.6450462721565682,17.16251386064969,116.99779930850494,0.5566537352174501,16.8,16.8,6.1
2020-10-22,0.0,17.49974924586165,116.08334247412435,0.5566537352174501,17.3,17.3,8.0
2020-10-23,1.3014678885665645,17.83698463107361,115.16888563974376,0.5566537352174501,17.3,17.3,8.7
2020-10-24,5.108182104931784,17.62506370352126,115.62070874178674,0.5566537352174501,16.4,16.4,11.2
2020-10-25,1.0140538688674086,17.413142775968915,116.07253184382974,0.5566537352174501,13.4,13.4,9.9
2020-10-26,0.3693345106928087,17.201221848416566,116.52435494587272,0.5566537352174501,17.7,17.7,10.6
2020-10-27,1.050122235952034,17.617822101181904,116.12553208533615,0.5566537352174501,18.0,18.0,9.1
2020-10-28,0.0417806065972103,18.034422353947242,115.72670922479959,0.5566537352174501,16.8,16.8,8.2
2020-10-29,3.3321772169045185,18.45102260671258,115.32788636426302,0.5566537352174501,14.3,14.3,8.1
2020-10-30,2.789428552741982,18.378385327431115,115.96763091610687,0.5566537352174501,11.7,11.7,6.5
2020-10-31,1.934298811105688,18.30574804814965,116.60737546795072,0.5316676282144812,14.0,14.0,4.4
2020-11-01,0.7473924787667532,18.233110768868183,117.24712001979456,0.5316676282144812,11.2,11.2,2.8
2020-11-02,0.155895879835027,18.378074619350127,117.81847623521595,0.5316676282144812,11.9,11.9,8.7
2020-11-03,0.0,18.523038469832073,118.38983245063733,0.5316676282144812,14.9,14.9,9.1
2020-11-04,0.1668278079744197,18.668002320314017,118.96118866605872,0.5316676282144812,13.9,13.9,8.9
2020-11-05,0.0364326064131545,18.279895045740666,119.1611658938002,0.5316676282144812,12.4,12.4,5.9
2020-11-06,0.971858723350902,17.891787771167312,119.36114312154167,0.5316676282144812,10.6,10.6,2.8
2020-11-07,0.0174673144434762,17.50368049659396,119.56112034928316,0.5316676282144812,12.0,12.0,1.9
2020-11-08,0.042206675766429,17.499854086895773,118.9146117157719,0.5316676282144812,11.1,11.1,1.9
2020-11-09,0.0022460562190037,17.49602767719758,118.26810308226062,0.5316676282144812,10.6,10.6,3.7
2020-11-10,0.736251952049046,17.492201267499393,117.62159444874936,0.5316676282144812,5.4,5.4,1.8
2020-11-11,0.0021539922589492,17.417386608219054,117.04676114808159,0.5316676282144812,8.1,8.1,4.5
2020-11-12,0.1144095484696208,17.342571948938712,116.47192784741382,0.5316676282144812,9.0,9.0,5.5
2020-11-13,0.5558095960850133,17.267757289658373,115.89709454674605,0.5316676282144812,8.5,8.5,4.2
2020-11-14,0.0003671872613062,17.315420565738734,115.55851496314075,0.5316676282144812,9.6,9.6,4.9
2020-11-15,0.0098727479537275,17.36308384181909,115.21993537953547,0.5316676282144812,9.7,9.7,6.5
2020-11-16,2.394510407935071,17.41074711789945,114.88135579593018,0.5161747876756079,9.1,9.1,4.5
2020-11-17,0.3061289858125866,17.475273468843195,114.6723050236739,0.5161747876756079,10.5,10.5,2.5
2020-11-18,0.0,17.539799819786936,114.46325425141764,0.5161747876756079,10.7,10.7,1.9
2020-11-19,0.5921949613877279,17.60432617073068,114.25420347916136,0.5161747876756079,10.1,10.1,5.1
2020-11-20,0.4216305871543589,17.396932091123425,113.97961714250688,0.5161747876756079,8.1,8.1,1.7
2020-11-21,0.5693361488898475,17.189538011516174,113.7050308058524,0.5161747876756079,6.3,6.3,-2.8
2020-11-22,0.0,16.98214393190892,113.43044446919792,0.5161747876756079,3.4,3.4,-4.6
2020-11-23,2.282237447979182,16.921141781441868,112.79215075223946,0.5161747876756079,5.3,5.3,-1.0
2020-11-24,0.0939030917452117,16.860139630974817,112.15385703528102,0.5161747876756079,6.1,6.1,-0.3
2020-11-25,0.2399045158391186,16.799137480507767,111.51556331832256,0.5161747876756079,3.7,3.7,0.7
2020-11-26,0.2273490880026134,16.797458847140685,110.99605175333176,0.5161747876756079,3.3,3.3,1.5
2020-11-27,0.0,16.795780213773607,110.47654018834095,0.5161747876756079,3.8,3.8,1.3
2020-11-28,2.1284817004686087,16.794101580406526,109.95702862335014,0.5161747876756079,2.6,2.6,-0.1
2020-11-29,0.189942755106601,16.78327564689053,109.39747179660147,0.5161747876756079,3.4,3.4,-3.1
2020-11-30,0.3918006683236782,16.772449713374534,108.83791496985278,0.5161747876756079,3.2,3.2,-1.6
2020-12-01,0.0,16.76162377985854,108.2783581431041,0.5161747876756079,2.1,2.1,-2.7
2020-12-02,0.8628752054361397,16.62259398958364,108.01863878348689,0.4023102881664252,1.1,1.1,-4.4
2020-12-03,2.64183273849814,16.483564199308734,107.75891942386968,0.4023102881664252,3.0,3.0,-1.3
2020-12-04,0.6178807312261334,16.344534409033834,107.49920006425248,0.4023102881664252,6.9,6.9,1.4
2020-12-05,0.82949826860366,16.680746357517457,107.40910771297759,0.4023102881664252,11.8,11.8,5.2
2020-12-06,1.272809275476107,17.01695830600108,107.3190153617027,0.4023102881664252,11.8,11.8,7.6
2020-12-07,1.1127029914755302,17.353170254484702,107.2289230104278,0.4023102881664252,8.1,8.1,3.9
2020-12-08,0.4070246643576055,18.072253149498874,109.11437752601857,0.4023102881664252,5.8,5.8,2.1
2020-12-09,5.317428510400104,18.791336044513045,110.99983204160935,0.4023102881664252,6.4,6.4,1.6
2020-12-10,3.685668602710865,19.510418939527217,112.88528655720012,0.4023102881664252,4.6,4.6,0.9
2020-12-11,0.5762385922364711,18.815446012793817,113.53992006978321,0.4023102881664252,4.5,4.5,0.8
2020-12-12,0.0037357570966542,18.120473086060418,114.19455358236631,0.4023102881664252,5.5,5.5,2.4
2020-12-13,0.0,17.42550015932702,114.8491870949494,0.4023102881664252,5.2,5.2,0.8
2020-12-14,0.0,17.395865853435218,114.66365015737739,0.4023102881664252,5.0,5.0,-0.7
2020-12-15,0.0042009866769675,17.36623154754342,114.47811321980537,0.4023102881664252,4.0,4.0,2.0
2020-12-16,0.0263746727816913,17.33659724165162,114.29257628223336,0.4023102881664252,4.2,4.2,2.2
2020-12-17,0.0019534745223531,17.285153087093075,114.04839058025895,0.4023102881664252,4.1,4.1,1.4
2020-12-18,0.0,17.23370893253453,113.80420487828457,0.485002959283935,5.3,5.3,2.1
2020-12-19,0.0,17.182264777975984,113.56001917631016,0.485002959283935,4.4,4.4,2.7
2020-12-20,0.0,17.431509275269235,113.41463432652527,0.485002959283935,5.2,5.2,2.0
2020-12-21,0.0011447896171794,17.680753772562483,113.26924947674037,0.485002959283935,4.6,4.6,2.8
2020-12-22,1.199283687077738,17.929998269855734,113.12386462695548,0.485002959283935,5.7,5.7,2.9
2020-12-23,0.7020887852548033,18.43880192096238,114.33747913396029,0.485002959283935,10.9,10.9,5.3
2020-12-24,6.621685817992321,18.947605572069023,115.55109364096508,0.485002959283935,12.1,12.1,6.3
2020-12-25,5.783671701307296,19.45640922317567,116.76470814796988,0.485002959283935,6.2,6.2,3.7
2020-12-26,1.0078220175321069,19.608842264795108,117.49025502904442,0.485002959283935,4.4,4.4,-3.5
2020-12-27,0.5815991277253639,19.761275306414547,118.21580191011894,0.485002959283935,1.7,1.7,-4.0
2020-12-28,8.372457022657574,19.913708348033985,118.94134879119348,0.485002959283935,8.8,8.8,0.6
2020-12-29,5.174401190518515,20.400025147045262,121.16007196500973,0.485002959283935,10.6,10.6,5.0
2020-12-30,0.7977002946438064,20.886341946056536,123.37879513882598,0.485002959283935,8.3,8.3,4.2
2020-12-31,1.4952493259365474,21.372658745067813,125.59751831264224,0.485002959283935,6.6,6.6,3.3
